Subject,Block,OpenChosen,Bid,ResponseTime,ChosenBeds,ChosenBaths,ChosenSqft,ChosenLotSize,ChosenYear,ChosenListPrice,ViewBeds,ViewBaths,ViewSqft,ViewLot,ViewYear,ViewListPrice,ViewExtDetail,ViewLivDetail,ViewBedDetail,ViewBathDetail,ViewOutDetail,ViewKitDetail,ViewPriceDetail,ViewNBedsDetail,ViewNBathsDetail,ViewSqftDetail,ViewLotDetail,ViewYearDetail
1,1,59,2.45E+05,12.781,3,2,1128,0.52,1910,2.25E+05,0.013905,0.17722,0.11065,0.014793,0.01568,0.067751,0.018639,0,0.0076923,0.019527,0.0065089,0.031361,0.035207,0.0026627,0.0053254,0.0044379,0.0023669,0.0032544
2,1,37,3.68E+05,218.93,4,3,2555,0.62,1989,3.30E+05,0.008116,0.032539,0.0093184,0.0001503,0.0024799,0.0054107,0.096265,0.037198,0.030135,0.029007,0.07327,0.051326,0.031637,0.0099947,0.0017284,0.0047344,0.005561,0.0041332
3,1,47,7.27E+05,93.97,3,2,2509,2.48,1994,5.95E+05,0.0025849,0.011373,0.0055144,0,0.00017232,0.00051697,0.05187,0.062899,0.046355,0.028434,0.048079,0.096329,0.0274,0.010167,0.0036188,0.0051697,0.0080993,0
8,1,66,7.80E+05,164.21,4,3,2497,0.2,2019,8.10E+05,0.0059976,0.057677,0.026689,0.0060976,0.0070972,0.016293,0.046681,0.046481,0.02569,0.031887,0.061975,0.069472,0.0029988,0.0028988,0.0062975,0.011495,0.0030988,0.0071971
10,1,2,7.41E+05,112.1,3,4,2974,28,1998,7.80E+05,0.0058055,0.046734,0.042671,0.0062409,0.014224,0.015675,0.04775,0.025399,0.034107,0.017417,0.055588,0.033382,0.0072569,0.00087083,0.0024673,0.0040639,0.0011611,0
11,1,2,8.81E+05,155.38,3,4,2974,28,1998,7.80E+05,0.014331,0.049631,0.028451,0.014647,0.023709,0.015068,0.022023,0.012013,0.01823,0.012329,0.030875,0.032666,0.01844,0.0067439,0.0013699,0.0023182,0.003372,0
12,1,14,1.80E+05,53.629,3,2,1404,1,1986,1.65E+05,0.013905,0.17722,0.11065,0.014793,0.01568,0.067751,0.018639,0,0.0076923,0.019527,0.0065089,0.031361,0.035207,0.0026627,0.0053254,0.0044379,0.0023669,0.0032544
13,1,63,1.81E+05,124.42,3,2,1412,0.14,2008,1.75E+05,0.003014,0.020312,0.01507,0.0035382,0.016774,0.0074695,0.043376,0.052418,0.040755,0.043638,0.055956,0.060674,0.0027519,0.0019657,0.0069454,0.02254,0.0069454,0.0061591
14,1,63,2.14E+05,62.412,3,2,1412,0.14,2008,1.75E+05,0.051446,0.070131,0.086511,0.041208,0.035321,0.04172,0.012286,0.020476,0.0092142,0.014077,0.045559,0.024827,0.0063988,0.0066547,0.01075,0.0215,0.0030714,0.0023036
16,1,63,1.85E+05,209.07,3,2,1412,0.14,2008,1.75E+05,0.0066074,0.0086526,0.017148,0.0047982,0.0043263,0.0095178,0.020137,0.02525,0.028553,0.0188,0.032722,0.035004,0.028789,0.010383,0.011878,0.018249,0.013608,0.013923
17,1,77,2.11E+05,118.6,3,2,1504,5.35,2005,2.19E+05,0.0032963,0.0114,0.018267,0.00027469,0.0012361,0.0017855,0.016619,0.045873,0.039967,0.036396,0.043813,0.068947,0.0064552,0.012773,0.017305,0.0064552,0.0034336,0.0037083
18,1,12,94382,184.54,2,1,888,1.21,2018,95000,0.017614,0.060048,0.057646,0.0084512,0.01966,0.040388,0.022685,0.020105,0.030602,0.0038253,0.020995,0.032026,0.017881,0.0082733,0.002224,0.0099635,0.0097856,0.0012454
19,1,59,2.45E+05,12.781,3,2,1128,0.52,1910,2.25E+05,0.0075512,0.064725,0.084142,0.0010787,0.044229,0.064725,0,0,0,0,0,0,0.00863,0,0.024811,0.021575,0,0
20,1,59,2.37E+05,98.51,3,2,1128,0.52,1910,2.25E+05,0.012527,0.046316,0.037745,0.01879,0.022416,0.028185,0.0039558,0.00032965,0.0052744,0.014834,0.027526,0.033954,0.02802,0.0072523,0.0072523,0.0049448,0.0021427,0.006593
21,1,77,2.71E+05,121.56,3,2,1504,5.35,2005,2.19E+05,0.058997,0.21158,0.14924,0.038348,0.069858,0.067444,0.0061679,0.0026817,0.010727,0.012872,0.013006,0.015956,0.0020113,0.011263,0,0.0037544,0.0017431,0
22,1,77,2.31E+05,31.873,3,2,1504,5.35,2005,2.19E+05,0.052098,0.055475,0.033767,0.05837,0.02219,0.02412,0.0091655,0.0096479,0,0.013025,0.0067535,0.017849,0.01206,0.002412,0.013025,0.0082007,0.00048239,0.0019296
23,1,61,1.01E+05,21.316,3,2,1568,0.45,1990,95000,0.040972,0.052083,0.071528,0.022917,0.050694,0.079167,0,0.014583,0.01875,0.027778,0.035417,0.036111,0.0083333,0.018056,0.010417,0.0076389,0,0
24,1,41,6.28E+05,306.61,3,3,2171,0.2,2005,5.70E+05,0.017556,0.031666,0.016802,0.010986,0.02111,0.017395,0.023372,0.025526,0.015833,0.03522,0.045614,0.066616,0.0088858,0.0045775,0.004039,0.014487,0.0082395,0.0050083
25,1,61,1.14E+05,70.202,3,2,1568,0.45,1990,95000,0.017829,0.076571,0.0736,0.013943,0.0027429,0.00068571,0.028571,0.026514,0.021943,0.0077714,0.021486,0.015543,0.010514,0.012343,0.015086,0.010286,0.0016,0
26,1,77,2.41E+05,88.914,3,2,1504,5.35,2005,2.19E+05,0.028025,0.025478,0.011283,0.029299,0.04313,0.036761,0.014195,0.010555,0.014195,0.010737,0.018198,0.02384,0.02111,0.0029117,0.0094631,0.0089172,0.0083712,0.0078253
27,1,63,1.85E+05,139.4,3,2,1412,0.14,2008,1.75E+05,0.0064554,0.017371,0.012793,0.0026995,0.0097418,0.010563,0.0023474,0.023944,0.0071596,0.026056,0.073357,0.025587,0.0050469,0.01385,0.013146,0.01338,0.010681,0.0044601
28,1,68,7.78E+05,83.82,4,3,2656,5,2020,6.95E+05,0.019834,0.026574,0.037743,0.025804,0.046216,0.045253,0.0050067,0.0084729,0.013287,0.0073175,0.040439,0.037936,0.027152,0.0096283,0.013672,0.019642,0.039861,0.011747
29,1,37,3.68E+05,218.93,4,3,2555,0.62,1989,3.30E+05,0.008116,0.032539,0.0093184,0.0001503,0.0024799,0.0054107,0.096265,0.037198,0.030135,0.029007,0.07327,0.051326,0.031637,0.0099947,0.0017284,0.0047344,0.005561,0.0041332
30,1,61,1.06E+05,86.131,3,2,1568,0.45,1990,95000,0.0073157,0.073907,0.030013,0.00075033,0.0071281,0.0086288,0.022885,0.012756,0.027387,0.015757,0.030013,0.042581,0.014631,0.0030013,0.0086288,0.0069405,0.0018758,0.0013131
31,1,77,2.30E+05,48.16,3,2,1504,5.35,2005,2.19E+05,0.0055701,0.11664,0.10223,0.0062254,0.0081913,0.0019659,0.025885,0.019004,0,0.0065531,0.019987,0.014417,0.0154,0,0.0013106,0.0013106,0.0029489,0.0022936
32,1,61,1.06E+05,182.43,3,2,1568,0.45,1990,95000,0.012057,0.015926,0.012687,0.0073781,0.013047,0.018715,0.018985,0.019975,0.029782,0.028972,0.044718,0.032751,0.03743,0.012597,0.0071981,0.012957,0.0033291,0.0024294
33,1,3,9.35E+05,215.78,5,3,3356,0.47,2020,8.74E+05,0.020822,0.091526,0.050416,0.006178,0.017619,0.027534,0.0065594,0.011059,0.017924,0.0066356,0.023263,0.016398,0.0044238,0.0022882,0.002517,0.0018305,0.001678,0.00030509
34,1,47,7.27E+05,93.97,3,2,2509,2.48,1994,5.95E+05,0.0025849,0.011373,0.0055144,0,0.00017232,0.00051697,0.05187,0.062899,0.046355,0.028434,0.048079,0.096329,0.0274,0.010167,0.0036188,0.0051697,0.0080993,0
1,2,58,6.21E+05,24.803,4,4,3584,17.41,1974,5.75E+05,0.016459,0.088804,0.072346,0.028034,0.013927,0.049195,0.029119,0.020438,0.046301,0.025321,0.03762,0.052993,0.01682,0.0016278,0.0021704,0.0030747,0.0068729,0.0068729
2,2,44,8.99E+05,259.73,4,3,2780,0.24,2016,7.85E+05,0.0027291,0.015677,0.00012694,0,0,0,0.065626,0.031861,0.078002,0.036875,0.062199,0.071528,0.022531,0.0091394,0.001079,0.0065372,0.0067911,0.0041254
3,2,53,1.05E+06,30.359,5,4,3632,1.09,1990,7.88E+05,0.0040343,0.059506,0.013111,0.00050429,0.0020171,0.013616,0.066062,0.06001,0.031266,0.048916,0.078669,0.10842,0.016137,0.025214,0.013616,0,0,0
8,2,59,2.51E+05,131.79,3,2,1128,0.52,1910,2.25E+05,0.013411,0.078232,0.056252,0.0047187,0.0073265,0.012542,0.022352,0.010431,0.0065814,0.018502,0.038495,0.029306,0.0064572,0.0023594,0.0023594,0.0088166,0.0036011,0.0044704
10,2,70,2.69E+05,51.298,2,2,1200,0.54,1999,2.50E+05,0.0033951,0.055556,0.037963,0.008642,0.012037,0.034568,0.049383,0.02284,0.018827,0.014815,0.011728,0.040123,0.013889,0.010802,0.031481,0.0018519,0.00061728,0
11,2,77,2.60E+05,89.419,3,2,1504,5.35,2005,2.19E+05,0.016459,0.088804,0.072346,0.028034,0.013927,0.049195,0.029119,0.020438,0.046301,0.025321,0.03762,0.052993,0.01682,0.0016278,0.0021704,0.0030747,0.0068729,0.0068729
12,2,67,5.31E+05,111.68,3,3,2045,0.2,2021,5.25E+05,0.038153,0.25047,0.12378,0.0093199,0.074996,0.10296,0.0040775,0.0036406,0.0080093,0.0085918,0.029707,0.012961,0.0059706,0.0039318,0.0071356,0.0072812,0.0072812,0
13,2,71,7.11E+05,29.693,4,3,2759,0.4,2013,6.99E+05,0.0025733,0.077715,0.076686,0.0056613,0.033453,0.047349,0.025733,0.021616,0.0087494,0.025733,0.032939,0.041688,0.00051467,0,0.028821,0.0087494,0,0
14,2,10,7.38E+05,46.625,4,3,3777,0.4,1974,6.89E+05,0.036149,0.063176,0.085811,0.031081,0.03277,0.028041,0.016892,0.033446,0.015541,0.0067568,0.023986,0.02973,0.013514,0.00033784,0.0097973,0.010135,0.0050676,0.0064189
16,2,67,5.22E+05,80.731,3,3,2045,0.2,2021,5.25E+05,0.0097843,0.045327,0.033347,0.0081869,0.0097843,0.016573,0.038538,0.03095,0.020567,0.028954,0.055511,0.038139,0.018371,0.00019968,0.0051917,0.0079872,0.020367,0.016573
17,2,19,5.82E+05,37.14,4,3,2381,0.36,1997,5.99E+05,0.0083647,0.16813,0.1238,0.017566,0.034295,0.034714,0,0.020075,0.020075,0.032204,0.033041,0.053952,0.00041824,0,0,0.0079465,0.0050188,0
18,2,47,5.38E+05,23.823,3,2,2509,2.48,1994,5.95E+05,0.0056533,0.093593,0.059045,0.0050251,0.012563,0.0062814,0.014447,0.012563,0.0031407,0.014447,0.023869,0.036432,0.01696,0.010678,0.00062814,0.034548,0.01696,0.0018844
19,2,58,6.21E+05,24.803,4,4,3584,17.41,1974,5.75E+05,0.012121,0.11576,0.19273,0.02,0.0066667,0.018182,0,0,0,0,0,0.0012121,0.0042424,0,0.015152,0,0,0
20,2,41,6.07E+05,254.57,3,3,2171,0.2,2005,5.70E+05,0.0047268,0.021821,0.023569,0.007511,0.005439,0.0058275,0.026807,0.037814,0.039433,0.030368,0.065398,0.054779,0.038721,0.011526,0.0063455,0.010295,0.004921,0.012497
21,2,80,7.30E+05,112.03,4,3,2258,26,1985,6.39E+05,0.0066783,0.043409,0.033391,0.0030488,0.0039199,0.010598,0.018438,0.045151,0.057782,0.02018,0.052846,0.046312,0.0047909,0.0020325,0.0039199,0.0046458,0.0021777,0
22,2,19,7.03E+05,31.215,4,3,2381,0.36,1997,5.99E+05,0.051106,0.1312,0.073219,0.028993,0.029484,0.061425,0.0078624,0.011302,0.011302,0.01769,0.0009828,0.036364,0.007371,0.0004914,0.0054054,0.007371,0,0
23,2,58,5.81E+05,35.4,4,4,3584,17.41,1974,5.75E+05,0.04287,0.15004,0.1063,0.015748,0.047244,0.08224,0,0.0069991,0.017935,0,0.0069991,0.025372,0.0065617,0.00087489,0.0065617,0.016185,0.0065617,0.012686
24,2,78,4.81E+05,58.512,4,2,2100,0.67,2022,4.75E+05,0.0054437,0.031029,0.010615,0.0070768,0.008982,0.012248,0.031845,0.028851,0.028851,0.054164,0.12602,0.057158,0.026674,0.010615,0.013065,0.018781,0.0076211,0.0046271
25,2,48,7.41E+05,21.575,5,4,4064,1.6,1952,6.49E+05,0.044643,0.16827,0.20398,0.037775,0.037088,0.015797,0.012363,0,0.01511,0.0041209,0,0.010989,0,0,0.0054945,0,0,0
26,2,33,7.40E+05,59.853,3,2,1728,0.26,1998,6.95E+05,0.03463,0.065264,0.059137,0.035429,0.054076,0.064198,0.025573,0.0085242,0.010655,0.0071923,0.025839,0.021843,0.0082579,0.0026638,0.0077251,0.0095898,0.005594,0.0069259
27,2,19,6.75E+05,346.56,4,3,2381,0.36,1997,5.99E+05,0.00038212,0.0036779,0.0063049,0.00085976,0.0006687,4.78E-05,0.0074513,0.017386,0.0070214,0.021685,0.039692,0.037782,0.0019106,0.0064482,0.012419,0.012849,0.0092186,0.0082155
28,2,34,4.36E+05,7.1673,3,3,2262,5.53,1995,3.69E+05,0.042373,0.027119,0.037288,0.030508,0.0016949,0.033898,0,0,0,0,0.064407,0.052542,0.061017,0,0.018644,0,0.027119,0.0016949
29,2,44,8.99E+05,259.73,4,3,2780,0.24,2016,7.85E+05,0.0027291,0.015677,0.00012694,0,0,0,0.065626,0.031861,0.078002,0.036875,0.062199,0.071528,0.022531,0.0091394,0.001079,0.0065372,0.0067911,0.0041254
30,2,19,6.15E+05,16.96,4,3,2381,0.36,1997,5.99E+05,0.011026,0.12807,0,0.010178,0.0042409,0.0016964,0,0.011026,0.0067854,0.012723,0.028838,0.015267,0.061069,0,0.017812,0.0033927,0,0
31,2,75,6.68E+05,20.784,5,4,3834,10,2007,6.25E+05,0.060369,0.12074,0.11577,0.012074,0.06321,0.044744,0.0014205,0.006392,0.011364,0.0049716,0.0042614,0.014915,0.0021307,0,0.00071023,0,0,0
32,2,76,6.61E+05,49.873,2,2,3259,2,2010,6.50E+05,0.016482,0.1122,0.10111,0.0031696,0.01046,0.017433,0.020602,0.0060222,0.0041204,0.030111,0.1084,0.015214,0.016799,0.0053883,0.00095087,0.0098257,0.0031696,0
33,2,70,2.66E+05,101.55,2,2,1200,0.54,1999,2.50E+05,0.028603,0.22531,0.12752,0.010387,0.025407,0.055609,0.0041547,0.0075104,0.013583,0.0057526,0.019016,0.0067114,0.0044743,0.0030361,0.00079898,0,0,0
34,2,53,1.05E+06,30.359,5,4,3632,1.09,1990,7.88E+05,0.0040343,0.059506,0.013111,0.00050429,0.0020171,0.013616,0.066062,0.06001,0.031266,0.048916,0.078669,0.10842,0.016137,0.025214,0.013616,0,0,0
1,3,11,1.38E+06,37.875,3,3,1822,1.83,2007,1.13E+06,0.0028699,0.038159,0.020408,0.0042517,0.0011692,0.0077594,0.062287,0.039116,0.048788,0.027955,0.088754,0.079932,0.0152,0.0023384,0.0058461,0.0027636,0.013393,0.0020196
2,3,77,2.36E+05,113.76,3,2,1504,5.35,2005,2.19E+05,0.00028604,0.032752,0.0065789,0.0007151,0.0047197,0.0024314,0.044336,0.028461,0.065503,0.031751,0.091676,0.086384,0.010727,0.0065789,0.0012872,0.0044336,0.0037185,0.0014302
3,3,26,5.14E+06,46.431,9,7,3400,0.34,1960,3.60E+06,0,0.030529,0.033243,0,0.0027137,0.0030529,0.037313,0.052578,0.065468,0.058684,0.066486,0.10685,0.0054274,0.011533,0.00033921,0.0010176,0.0084803,0
8,3,71,6.79E+05,79.45,4,3,2759,0.4,2013,6.99E+05,0.012381,0.11366,0.070428,0.00548,0.017049,0.02537,0.022123,0.039984,0.015628,0.058047,0.053379,0.044449,0.0014207,0.00060889,0.0016237,0.0099452,0.0030444,0.0075096
10,3,13,5.27E+05,90.487,3,4,2922,0.45,2002,5.00E+05,0.013767,0.11246,0.10495,0.0032183,0.020383,0.016807,0.011622,0.0096549,0.029144,0.012337,0.016449,0.030753,0.011264,0.0039335,0.0026819,0.00017879,0.00017879,0
11,3,51,4.51E+05,154.02,6,4,3642,2,2006,5.00E+05,0.0028699,0.038159,0.020408,0.0042517,0.0011692,0.0077594,0.062287,0.039116,0.048788,0.027955,0.088754,0.079932,0.0152,0.0023384,0.0058461,0.0027636,0.013393,0.0020196
12,3,45,1.39E+06,88.683,4,4,3087,0.25,2020,1.07E+06,0.047584,0.12124,0.13327,0.028077,0.018596,0.14312,0.0040109,0.006381,0.00018232,0.018049,0.020237,0.013856,0.049043,0.0021878,0.0021878,0.006381,0.00018232,0
13,3,8,3.70E+06,122.28,4,5,3359,1.83,2008,3.50E+06,0.004265,0.047714,0.023857,0.00026656,0.00053312,0.0025323,0.060243,0.051046,0.061842,0.065974,0.054112,0.077302,0.0038651,0.003332,0.012928,0.022791,0.002399,0
14,3,29,2.64E+06,46.471,3,4,5500,1.08,2019,2.16E+06,0.023043,0.06574,0.048458,0.015588,0.038292,0.015249,0.030159,0.013894,0.034226,0.021688,0.053202,0.063368,0.024737,0.013216,0.0010166,0.0044053,0.0016943,0
16,3,29,2.01E+06,98.638,3,4,5500,1.08,2019,2.16E+06,0.015289,0.054907,0.037317,0.011672,0.011836,0.017919,0.043728,0.067072,0.02433,0.034522,0.060332,0.068223,0.033536,0.010521,0.0034522,0.011179,0.0073977,0.0026303
17,3,8,4.05E+06,119.99,4,5,3359,1.83,2008,3.50E+06,0.0019011,0.022814,0.032455,0.0069256,0.001358,0.0055676,0.027159,0.031776,0.029332,0.029196,0.032863,0.044677,0.013715,0.00081477,0.011543,0.0043455,0.0051602,0.0028517
18,3,60,3.86E+06,123.88,6,7,10150,1.53,1994,3.60E+06,0.0052639,0.0057902,0.011317,0.001316,0.0038163,0.0010528,0.022635,0.018818,0.014607,0.0073694,0.023819,0.045138,0.031188,0.0078958,0.0046059,0.0044743,0,0
19,3,11,1.38E+06,37.875,3,3,1822,1.83,2007,1.13E+06,0.018077,0.093673,0.16352,0.0049302,0.0098603,0.020131,0,0,0,0,0,0.00082169,0.010271,0,0.00082169,0.0078061,0.0049302,0
20,3,29,2.10E+06,233.04,3,4,5500,1.08,2019,2.16E+06,0.0035343,0.036898,0.0081289,0.0023327,0.0088358,0.0057963,0.083975,0.047925,0.041988,0.039231,0.051389,0.10942,0.021206,0.01131,0.0053015,0.0094013,0.0045239,0.0017672
21,3,15,1.08E+07,49.375,9,11,5625,0.34,2021,7.35E+06,0.05024,0.14496,0.09344,0.00704,0.0352,0.05664,0.01632,0.01536,0.02976,0.01824,0.06912,0.05152,0.00896,0.0032,0,0.0016,0,0
22,3,57,1.11E+06,29.082,5,7,3370,0.5,1990,1.09E+06,0.049843,0.16579,0.082896,0.024134,0.011018,0.032529,0.019937,0.019937,0.0073452,0.0089192,0.01469,0.0099685,0.013116,0.0041973,0.0073452,0.001574,0.00052466,0.0041973
23,3,25,3.01E+06,85.288,4,4,2100,0.3,2022,2.90E+06,0.010602,0.079894,0.08671,0.019879,0.024801,0.070996,0.014578,0.013442,0.032374,0.029156,0.026694,0.07251,0.0081409,0.0037864,0.0049224,0.0066263,0.0028398,0.0034078
24,3,18,3.66E+05,83.561,3,2,1387,1.08,2005,3.35E+05,0.0083044,0.017188,0.001545,0.0021244,0.0059869,0.0027037,0.031672,0.0309,0.047509,0.034183,0.077829,0.13036,0.017188,0.0057937,0.0023175,0.016609,0.0071456,0.0073387
25,3,46,9.65E+06,34.005,8,9,13602,3.59,2003,7.75E+06,0.021335,0.28234,0.1616,0.015887,0.020881,0.019519,0.015887,0.010894,0,0.013164,0.022242,0.011802,0.0090785,0.00090785,0.0036314,0.00045393,0,0
26,3,25,3.35E+06,49.275,4,4,2100,0.3,2022,2.90E+06,0.019249,0.10395,0.097209,0.050048,0.03529,0.059031,0,0.0083414,0.0016041,0.012191,0.020533,0.0057748,0.038178,0.00032082,0.00032082,0.0032082,0.016362,0.0025666
27,3,46,9.02E+06,348.37,8,9,13602,3.59,2003,7.75E+06,0.002006,0.0014329,0.00014329,0.00057315,0,0.0013851,0.0014806,9.55E-05,0.00019105,0.00057315,0.01495,0.0059703,0.002818,0.0021493,0.0070688,0.0082151,0.0062569,0.0011463
28,3,2,8.35E+05,20.735,3,4,2974,28,1998,7.80E+05,0.071886,0.014235,0.07758,0.071174,0.019929,0.012811,0.03274,0.020641,0.024911,0.027758,0.051246,0.038434,0.0092527,0.023488,0.015658,0.018505,0.035587,0.011388
29,3,77,2.36E+05,113.76,3,2,1504,5.35,2005,2.19E+05,0.00028604,0.032752,0.0065789,0.0007151,0.0047197,0.0024314,0.044336,0.028461,0.065503,0.031751,0.091676,0.086384,0.010727,0.0065789,0.0012872,0.0044336,0.0037185,0.0014302
30,3,15,1.15E+07,12.558,9,11,5625,0.34,2021,7.35E+06,0.0043716,0.15519,0.028415,0.0010929,0.0087432,0.0032787,0,0,0,0,0,0.032787,0.022951,0.014208,0.030601,0,0,0
31,3,56,1.88E+06,36.85,5,5,5006,2.73,2009,1.10E+06,0.016435,0.025284,0.016856,0.0067425,0.0063211,0.0096924,0.030341,0.021913,0.019385,0.035398,0.085546,0.05394,0.031184,0.027391,0.0063211,0.013906,0.00042141,0
32,3,60,3.84E+06,194.28,6,7,10150,1.53,1994,3.60E+06,0.024184,0.091916,0.051919,0.011162,0.020717,0.029004,0.051835,0.050905,0.036445,0.034754,0.075004,0.041941,0.0086251,0.0072721,0.012261,0.015643,0.004228,0.0026213
33,3,41,6.02E+05,96.966,3,3,2171,0.2,2005,5.70E+05,0.015878,0.16279,0.097276,0.014207,0.019555,0.037272,0.037272,0.042621,0.043791,0.020224,0.037439,0.047468,0.0018385,0.0015043,0.0041785,0.0036771,0.0043456,0.0010028
34,3,26,5.14E+06,46.431,9,7,3400,0.34,1960,3.60E+06,0,0.030529,0.033243,0,0.0027137,0.0030529,0.037313,0.052578,0.065468,0.058684,0.066486,0.10685,0.0054274,0.011533,0.00033921,0.0010176,0.0084803,0
1,4,38,2.96E+05,92.126,3,2,1743,4.43,1985,2.92E+05,0.014184,0.082098,0.069632,0.028154,0.014184,0.023856,0.02536,0.018913,0.0092413,0.019127,0.070062,0.047281,0.026649,0.00064475,0.01354,0.019342,0.025575,0.011391
2,4,48,6.65E+05,379.73,5,4,4064,1.6,1952,6.49E+05,0.00078401,0.0046605,0.002352,0,0,0.00017422,0.12657,0.057015,0.072869,0.045951,0.12457,0.093994,0.0077094,0.0046605,0.0023085,0.002352,0.011978,0.0012631
3,4,63,1.91E+05,93.547,3,2,1412,0.14,2008,1.75E+05,0.0058854,0.053834,0.052969,0,0.0060585,0.01956,0.042756,0.040505,0.032024,0.018868,0.050718,0.064913,0.0091743,0.010732,0.0012117,0.0041544,0.0048468,0.0031158
8,4,66,9.40E+05,77.073,4,3,2497,0.2,2019,8.10E+05,0.0075393,0.088168,0.049424,0.0050262,0.0073298,0.01801,0.014031,0.0062827,0.021152,0.011728,0.037906,0.022408,0.0033508,0.006911,0.0056545,0.011099,0.0020942,0.0037696
11,4,65,7.76E+05,74.824,3,3,2495,1.78,2015,7.00E+05,0.014184,0.082098,0.069632,0.028154,0.014184,0.023856,0.02536,0.018913,0.0092413,0.019127,0.070062,0.047281,0.026649,0.00064475,0.01354,0.019342,0.025575,0.011391
12,4,79,3.81E+05,160.41,3,2,1682,0.13,2016,3.87E+05,0.046763,0.21452,0.26138,0.012457,0.075046,0.069022,0.0022463,0.0028589,0.008883,0.0026547,0.0081683,0.0075556,0.0012252,0.0012252,0.0001021,0.00020421,0,0
13,4,42,3.00E+05,136.54,4,2,1694,0.25,1958,2.75E+05,0.0027515,0.02273,0.017347,0.0040675,0.0025123,0.0070583,0.044981,0.048451,0.028831,0.040675,0.044503,0.078598,0.0033497,0.0019141,0.010408,0.029429,0.0080153,0.0069386
14,4,79,4.12E+05,35.74,3,2,1682,0.13,2016,3.87E+05,0.0043365,0.009974,0.012576,0.0060711,0.014744,0,0.022984,0.010408,0.084562,0.039029,0.046401,0.050737,0.01431,0.021683,0.011709,0.0026019,0.00043365,0
16,4,42,2.60E+05,189.71,4,2,1694,0.25,1958,2.75E+05,0.0019044,0.0071849,0.010042,0.001991,0,0.0028566,0.032029,0.049861,0.077649,0.033674,0.060076,0.08847,0.014456,0.01385,0.010734,0.016967,0.013244,0.012812
17,4,79,3.75E+05,17.198,3,2,1682,0.13,2016,3.87E+05,0.011735,0.083822,0.095557,0.0025147,0.0050293,0.02347,0,0.030176,0.033529,0.035205,0.056161,0.063705,0.01425,0,0,0.036044,0.0285,0
18,4,55,3.40E+05,266.91,3,2,1367,0.35,1988,2.55E+05,0.01001,0.061789,0.038371,0.0012976,0.0036456,0.0028423,0.022491,0.019155,0.034973,0.0035838,0.017301,0.055858,0.017919,0.0017919,0.00086505,0.0012358,0.00012358,0
19,4,38,2.96E+05,92.126,3,2,1743,4.43,1985,2.92E+05,0.013879,0.042867,0.071855,0.011244,0.013879,0.0075545,0.028812,0.029339,0.002811,0.01915,0.046908,0.02442,0.0040408,0.002811,0.0070274,0.0079058,0.0059733,0.002811
20,4,18,3.56E+05,190.08,3,2,1387,1.08,2005,3.35E+05,0.033091,0.072231,0.042336,0.012787,0.015379,0.0097633,0.035943,0.015466,0.054346,0.018922,0.028253,0.077501,0.010022,0.018576,0.005616,0.020304,0.011318,0.0067392
21,4,34,4.27E+05,157.63,3,3,2262,5.53,1995,3.69E+05,0.0050904,0.03823,0.023894,0.0016622,0.0029088,0.00010389,0.040308,0.037191,0.041658,0.037087,0.057033,0.072927,0.004571,0.0081031,0.0042593,0.0031166,0.00051943,0
22,4,34,4.02E+05,60.374,3,3,2262,5.53,1995,3.69E+05,0.036978,0.10724,0.042789,0.0042261,0.017697,0.019282,0.0055468,0.0087163,0.025885,0.010301,0.030903,0.052826,0.025885,0.00026413,0.006075,0.0036978,0,0.0036978
23,4,55,2.56E+05,119.29,3,2,1367,0.35,1988,2.55E+05,0.076734,0.1319,0.16043,0.041371,0.056936,0.082332,0.0075096,0.016521,0.012152,0.01106,0.01461,0.015019,0.00355,0.00054615,0.0031404,0.00068269,0.0020481,0.0024577
24,4,6,3.49E+05,79.904,3,2,1560,0.26,2000,3.07E+05,0.0066559,0.0058491,0.0014119,0.0022186,0.0032271,0.004639,0.033683,0.027229,0.030052,0.052844,0.057886,0.083905,0.010488,0.0036305,0.0018152,0.0064542,0.0042356,0.0088745
25,4,52,3.81E+05,17.322,7,4,2710,0.34,1953,3.30E+05,0.045795,0.16986,0.13988,0.0099917,0.014988,0.070774,0,0.00083264,0,0.021649,0.01582,0.0016653,0.014155,0,0.00083264,0,0.011657,0
26,4,18,3.58E+05,120.89,3,2,1387,1.08,2005,3.35E+05,0.019031,0.070185,0.036577,0.020381,0.028209,0.075854,0.016062,0.012822,0.033473,0.023485,0.030773,0.025105,0.031853,0.004589,0.012147,0.0074234,0.011068,0.0097179
27,4,36,3.78E+05,316.56,4,3,1835,0.97,1978,3.48E+05,0.00010471,0.006073,0.00267,0,0.00068059,0,0.00010471,0.0030888,0.003403,0.0087954,0.022826,0.022826,0.00026177,0.0036647,0.00073295,0.0040836,0.0056018,0.0020418
28,4,35,3.97E+06,111.55,3,3,2663,199.04,2003,1.79E+06,0.010351,0.02114,0.0065607,0.0024785,0,0,0.030325,0.034991,0.036303,0.05234,0.11824,0.046946,0.030763,0.013413,0.012976,0.028721,0.061962,0.010206
29,4,48,6.65E+05,379.73,5,4,4064,1.6,1952,6.49E+05,0.00078401,0.0046605,0.002352,0,0,0.00017422,0.12657,0.057015,0.072869,0.045951,0.12457,0.093994,0.0077094,0.0046605,0.0023085,0.002352,0.011978,0.0012631
30,4,34,4.01E+05,45.817,3,3,2262,5.53,1995,3.69E+05,0.019574,0.20227,0.030563,0.012706,0.0085852,0.024038,0.014423,0.020948,0.0037775,0.0034341,0.044643,0.0068681,0.00068681,0,0.010302,0,0.0082418,0
31,4,37,3.49E+05,39.712,4,3,2555,0.62,1989,3.30E+05,0.023576,0.072299,0.086051,0.0051081,0.018861,0.0035363,0.043222,0.071513,0.02947,0.039686,0.056189,0.04558,0,0,0,0,0,0
32,4,38,3.08E+05,225.91,3,2,1743,4.43,1985,2.92E+05,0.011948,0.059012,0.032056,0.0077954,0.01275,0.018359,0.029725,0.018141,0.051217,0.035699,0.065205,0.051435,0.0096896,0.003497,0.004007,0.011074,0.0035699,0.0024771
33,4,26,4.50E+06,77.557,9,7,3400,0.34,1960,3.60E+06,0.032385,0.1503,0.093419,0.019099,0.024704,0.10629,0.017231,0.017853,0.011003,0.01038,0.029687,0.0095495,0.0060203,0.003114,0.0002076,0.00062279,0.0070583,0
34,4,63,1.91E+05,93.547,3,2,1412,0.14,2008,1.75E+05,0.0058854,0.053834,0.052969,0,0.0060585,0.01956,0.042756,0.040505,0.032024,0.018868,0.050718,0.064913,0.0091743,0.010732,0.0012117,0.0041544,0.0048468,0.0031158
1,5,30,5.24E+05,53.759,4,4,2820,1.84,1962,4.95E+05,0.013197,0.039759,0.039759,0.0073505,0.0021717,0.0035082,0.045941,0.028233,0.029903,0.031741,0.053124,0.031407,0.061644,0.0075175,0.0085199,0.010525,0.021049,0.011026
2,5,53,7.95E+05,156.75,5,4,3632,1.09,1990,7.88E+05,0.0014626,0.0065817,0.00094024,0.00083577,0,0,0.10019,0.061952,0.064459,0.029983,0.11199,0.063832,0.0074175,0.013581,0.0012537,0.011805,0.018074,0.0049102
3,5,37,3.67E+05,131.78,4,3,2555,0.62,1989,3.30E+05,0.0027251,0.011396,0.014864,0.00012387,0.0042116,0.0048309,0.05153,0.050787,0.06627,0.031339,0.035551,0.07011,0.0052025,0.0073083,0.0081754,0.004707,0,0
7,5,30,5.21E+05,79.49,4,4,2820,1.84,1962,4.95E+05,0.020479,0.044404,0.026967,0.017234,0.006691,0.019059,0.03528,0.030211,0.017032,0.021087,0.046026,0.025547,0.0097324,0.0064882,0.023925,0.017032,0.016423,0.0036496
8,5,60,4.20E+06,164.34,6,7,10150,1.53,1994,3.60E+06,0.0085145,0.048683,0.034959,0.0048082,0.0040068,0.0044075,0.039167,0.04097,0.056897,0.026345,0.068617,0.042372,0.0062106,0.0075128,0.0090153,0.019934,0.0051087,0.0025043
11,5,60,4.70E+06,97.025,6,7,10150,1.53,1994,3.60E+06,0.013197,0.039759,0.039759,0.0073505,0.0021717,0.0035082,0.045941,0.028233,0.029903,0.031741,0.053124,0.031407,0.061644,0.0075175,0.0085199,0.010525,0.021049,0.011026
12,5,30,5.54E+05,149.72,4,4,2820,1.84,1962,4.95E+05,0.006776,0.062842,0.05082,0.0050273,0.0095082,0.012022,0.022732,0.018142,0.039781,0.031148,0.053661,0.028415,0.021749,0.019126,0.0095082,0.0054645,0.0088525,0.0021858
13,5,74,5.20E+05,30.358,4,2,2335,0.8,1925,4.95E+05,0.017137,0.088206,0.063508,0,0.0090726,0.022681,0.017641,0.013105,0.013105,0.020161,0.039315,0.015625,0.0070565,0.0030242,0.025202,0.0055444,0.019153,0.027218
14,5,17,5.14E+05,31.139,4,5,3369,0.66,1933,4.50E+05,0.0049529,0.044577,0.0044577,0.0069341,0,0.014859,0.068846,0.02526,0.027241,0.027737,0.069837,0.043091,0.021793,0.00099059,0.00099059,0.0079247,0,0
16,5,17,4.35E+05,63.633,4,5,3369,0.66,1933,4.50E+05,0.021603,0.089425,0.062045,0.015323,0.030646,0.025873,0.055514,0.032153,0.018839,0.024868,0.11781,0.039186,0.0082894,0.011052,0.013816,0.014569,0.0082894,0.0085406
17,5,23,4.15E+05,18.234,3,2,936,0.38,1973,4.25E+05,0,0.083665,0.093227,0.0071713,0.00079681,0.029482,0,0.014343,0.030279,0.050199,0.056574,0.043028,0.016733,0,0,0.00079681,0.010359,0
18,5,74,5.37E+05,41.238,4,2,2335,0.8,1925,4.95E+05,0.00037951,0.025047,0.022011,0.00037951,0.0068311,0.0079696,0.041746,0.027704,0.0075901,0.0060721,0.033776,0.035674,0.018596,0.0056926,0.0045541,0.0030361,0,0
19,5,30,5.24E+05,53.759,4,4,2820,1.84,1962,4.95E+05,0.0017704,0.16081,0.21658,0.007967,0.0029507,0.00088522,0.004131,0.022425,0,0,0,0.0061965,0.014459,0.0050162,0.0059014,0,0,0
20,5,78,4.60E+05,249.17,4,2,2100,0.67,2022,4.75E+05,0.0048939,0.020832,0.021427,0.0001984,0.0027776,0.0025131,0.057867,0.049864,0.11752,0.064546,0.090073,0.064612,0.016203,0.024734,0.0027115,0.0078698,0.0099861,0.0046955
21,5,74,5.21E+05,65.16,4,2,2335,0.8,1925,4.95E+05,0.0083477,0.062362,0.048858,0.0036828,0.0054014,0,0.0031918,0.0073656,0.076356,0.010803,0.063098,0.098208,0.00049104,0.0081021,0,0,0,0
22,5,30,5.10E+05,32.206,4,4,2820,1.84,1962,4.95E+05,0.017208,0.13671,0.054015,0.0057361,0.048757,0.033939,0.01673,0.023901,0.047323,0.026291,0.041109,0.077916,0.00047801,0.0062141,0.016252,0.00095602,0,0
23,5,78,4.75E+05,79.367,4,2,2100,0.67,2022,4.75E+05,0.015638,0.049959,0.03818,0.0099513,0.0030463,0.02762,0.041836,0.046304,0.046913,0.050569,0.048944,0.043054,0.0026401,0.0032494,0.010967,0.011576,0.002234,0.0014216
24,5,41,6.21E+05,144.83,3,3,2171,0.2,2005,5.70E+05,0.0038388,0.011516,0.0054194,0.0031613,0.00045162,0.0011291,0.017726,0.028339,0.036807,0.067517,0.061533,0.086259,0.014226,0.0032742,0.0038388,0.0068872,0.002371,0.0015807
25,5,78,5.55E+05,20.098,4,2,2100,0.67,2022,4.75E+05,0.0058522,0.17557,0.16971,0.015362,0.047549,0.013168,0.019751,0,0.011704,0.024872,0.0029261,0.016825,0.010241,0,0,0,0,0
26,5,17,4.63E+05,53.577,4,5,3369,0.66,1933,4.50E+05,0.026051,0.11545,0.10864,0.040261,0.05447,0.056246,0.013618,0.0029603,0.0071048,0.016874,0.028419,0.014802,0.008585,0.0029603,0.0017762,0.010065,0.013618,0.0097691
27,5,23,4.55E+05,95.844,3,2,936,0.38,1973,4.25E+05,0,0.0022188,0.0039256,0.00068271,0.0013654,0.00034136,0,0,0,0,0.0044376,0.0032429,0.00068271,0.00034136,0.0011947,0.0010241,0.00051203,0.00051203
28,5,30,5.06E+05,91.27,4,4,2820,1.84,1962,4.95E+05,0.010991,0.0054955,0.0065591,0.0031909,0.0010636,0.0054955,0.045559,0.055841,0.080482,0.040241,0.098387,0.1108,0.0054955,0.0042546,0.011168,0.019677,0.037582,0
29,5,53,7.95E+05,156.75,5,4,3632,1.09,1990,7.88E+05,0.0014626,0.0065817,0.00094024,0.00083577,0,0,0.10019,0.061952,0.064459,0.029983,0.11199,0.063832,0.0074175,0.013581,0.0012537,0.011805,0.018074,0.0049102
30,5,74,5.27E+05,16.234,4,2,2335,0.8,1925,4.95E+05,0.0070485,0.051982,0.011454,0.018502,0,0.017621,0.0017621,0,0,0.014097,0.022907,0.021145,0.0052863,0,0.01674,0,0.0017621,0.0044053
31,5,30,5.29E+05,45.959,4,4,2820,1.84,1962,4.95E+05,0.0089011,0.039712,0.01746,0,0.0013694,0.014379,0.012325,0.054091,0.028073,0.038343,0.049298,0.043478,0.014721,0.0017117,0.0037658,0,0.00034235,0
32,5,4,5.04E+05,379.38,5,3,3077,0.27,2020,4.78E+05,0.0061903,0.025764,0.017699,0.0029208,0.0044902,0.0080213,0.048738,0.053403,0.052923,0.05022,0.13017,0.054841,0.0060595,0.0046645,0.0020925,0.011509,0.0051005,0.0038363
33,5,70,2.51E+05,76.049,2,2,1200,0.54,1999,2.50E+05,0.041887,0.32917,0.15951,0.026021,0.028348,0.04781,0,0,0,0,0.0048657,0.0076158,0.006135,0.00063465,0.00063465,0.0004231,0,0
34,5,37,3.67E+05,131.78,4,3,2555,0.62,1989,3.30E+05,0.0027251,0.011396,0.014864,0.00012387,0.0042116,0.0048309,0.05153,0.050787,0.06627,0.031339,0.035551,0.07011,0.0052025,0.0073083,0.0081754,0.004707,0,0
1,6,9,1.00E+07,26.466,7,9,5623,0.27,1895,9.98E+06,0.0083773,0.033928,0.015414,0.0063668,0.0058641,0.010807,0.048421,0.026389,0.046662,0.024378,0.080925,0.051437,0.0060317,0.0064505,0.0058641,0.0080422,0.01466,0.0076234
2,6,46,7.89E+06,216.99,8,9,13602,3.59,2003,7.75E+06,0.00060661,0.0037913,0.0023506,0,0,0.00015165,0.12405,0.070822,0.092508,0.047847,0.11404,0.062557,0.0086442,0.0022748,0.00060661,0.0072035,0.01054,0.0013649
3,6,60,4.10E+06,67.802,6,7,10150,1.53,1994,3.60E+06,0.011815,0.3242,0.20321,0.0037807,0.018667,0.050095,0.0054348,0,0.0051985,0.0096881,0.010161,0.029064,0.0047259,0,0.00047259,0.0018904,0.0021267,0.00023629
5,6,79,4.02E+05,36.53,3,2,1682,0.13,2016,3.87E+05,0.019125,0.10625,0.22567,0.0119,0.038249,0.050149,0.022949,0.01275,0,0.0084998,0.017,0.028899,0.022949,0.0093498,0.00042499,0.01615,0.00084998,0
8,6,18,3.10E+05,129.25,3,2,1387,1.08,2005,3.35E+05,0.0090944,0.06164,0.060755,0.0029051,0.013515,0.0079576,0.021346,0.031704,0.030693,0.019578,0.069976,0.029557,0.0088417,0.0083365,0.0078312,0.0066945,0.012252,0.011494
11,6,69,3.90E+05,196.13,3,2,1666,0.23,2016,3.60E+05,0.0083773,0.033928,0.015414,0.0063668,0.0058641,0.010807,0.048421,0.026389,0.046662,0.024378,0.080925,0.051437,0.0060317,0.0064505,0.0058641,0.0080422,0.01466,0.0076234
12,6,29,3.51E+06,111.42,3,4,5500,1.08,2019,2.16E+06,0.054882,0.19253,0.12115,0.013429,0.09911,0.25938,0,0.0027733,0,0.0027733,0.00014596,0.010363,0.0097796,0,0,0,0,0
13,6,8,3.68E+06,39.17,4,5,3359,1.83,2008,3.50E+06,0.0079618,0.048965,0.019904,0.004379,0.042994,0.027866,0.035828,0.019904,0.034634,0.035032,0.021099,0.084793,0.0039809,0.00079618,0.015127,0.030653,0.015127,0.004379
14,6,15,8.22E+06,21.036,9,11,5625,0.34,2021,7.35E+06,0.037245,0.085734,0.089248,0.04357,0.023893,0.05903,0.0070274,0.013352,0.014758,0.022488,0.016866,0.0035137,0.061841,0,0.021082,0.013352,0.014758,0.029515
16,6,11,1.21E+06,172.66,3,3,1822,1.83,2007,1.13E+06,0.010733,0.030015,0.019472,0.0047492,0.0069339,0.011208,0.022131,0.023176,0.040748,0.034954,0.0625,0.051672,0.026501,0.0023746,0.0087386,0.0084536,0.0094035,0.0070289
17,6,45,1.17E+06,42.934,4,4,3087,0.25,2020,1.07E+06,0,0.03908,0.037253,0.0036523,0,0.00036523,0.024105,0.052228,0.029584,0.011322,0.055515,0.034697,0.03981,0.0076698,0.0076698,0.0014609,0.0032871,0.0058437
18,6,25,3.64E+06,22.236,4,4,2100,0.3,2022,2.90E+06,0.014047,0.16388,0.14114,0.01204,0.032107,0.023411,0,0.0053512,0,0.0013378,0.033445,0.023411,0.0026756,0,0.006689,0,0,0
19,6,9,1.00E+07,26.466,7,9,5623,0.27,1895,9.98E+06,0.016571,0.16571,0.26343,0.0045714,0.034857,0.0017143,0,0,0,0,0,0,0.0074286,0,0.0022857,0,0,0
20,6,29,2.05E+06,115.64,3,4,5500,1.08,2019,2.16E+06,0.019003,0.089668,0.068834,0.00070383,0.012387,0.013514,0.040963,0.013654,0.048423,0.038007,0.038711,0.09741,0.024493,0.006616,0.0028153,0.016329,0.0026745,0.00014077
21,6,26,5.41E+06,62.441,9,7,3400,0.34,1960,3.60E+06,0.0043478,0.035294,0.031202,0.001023,0.001023,0.0094629,0.051151,0.023018,0.028133,0.025575,0.05243,0.020972,0.0023018,0.017903,0.001023,0.00025575,0,0
22,6,54,2.04E+06,46.629,6,7,5015,0.48,1999,1.65E+06,0.069932,0.15574,0.026689,0.018581,0.022973,0.02027,0.066554,0.026351,0.015203,0.025338,0.028716,0.040878,0.0037162,0.010473,0.0081081,0.0057432,0.0040541,0.0013514
23,6,26,3.70E+06,68.229,9,7,3400,0.34,1960,3.60E+06,0,0.00046981,0,0,0.00046981,0.030068,0.031008,0.025605,0.021377,0.05074,0.11816,0.051445,0.013625,0.00093963,0.0086916,0.0089265,0.010336,0
24,6,78,5.13E+05,55.15,4,2,2100,0.67,2022,4.75E+05,0.0077765,0.060772,0.044931,0.00086406,0.014689,0.023041,0.0072005,0.017569,0.014689,0.018433,0.023618,0.065668,0.017857,0.0060484,0.011809,0.014113,0.0054724,0.0020161
25,6,8,4.79E+06,53.84,4,5,3359,1.83,2008,3.50E+06,0.0035419,0.13223,0.10803,0.010921,0.012397,0.036305,0.022432,0.023613,0.044274,0.014168,0.017414,0.025384,0.015643,0,0.0059032,0.00029516,0,0
26,6,29,2.66E+06,65.964,3,4,5500,1.08,2019,2.16E+06,0.019198,0.12078,0.063913,0.034508,0.021385,0.068287,0.00024301,0.015796,0.023329,0.016768,0.017983,0.019927,0.018469,0.00048603,0.0029162,0.0019441,0.0017011,0.0036452
27,6,15,8.01E+06,196.49,9,11,5625,0.34,2021,7.35E+06,0.0019312,0.0080605,0.0081444,0.00058774,0.00025189,8.40E-05,0.0052057,0.0043661,0.0038623,0.0043661,0.012259,0.01293,0.0015953,0.002351,0.0057935,0.00050378,0.0017632,0.002351
28,6,35,3.64E+06,88.746,3,3,2663,199.04,2003,1.79E+06,0.0051011,0.01585,0.0036437,0.0016396,0.0096557,0.0023684,0.059209,0.056294,0.041173,0.05593,0.16032,0.040809,0.027145,0.0094735,0.006012,0.024959,0.032611,0.0056477
29,6,46,7.89E+06,216.99,8,9,13602,3.59,2003,7.75E+06,0.00060661,0.0037913,0.0023506,0,0,0.00015165,0.12405,0.070822,0.092508,0.047847,0.11404,0.062557,0.0086442,0.0022748,0.00060661,0.0072035,0.01054,0.0013649
30,6,26,4.37E+06,24.079,9,7,3400,0.34,1960,3.60E+06,0.00062267,0.056663,0.013076,0,0,0.024907,0,0,0,0,0.0087173,0.019303,0.0031133,0.0068493,0.09589,0,0.00062267,0.021793
31,6,15,7.94E+06,30.988,9,11,5625,0.34,2021,7.35E+06,0.012871,0.025743,0.017327,0.011881,0.031683,0.0049505,0.078218,0.031188,0.023267,0.056931,0.075743,0.093564,0.016832,0.010396,0.0009901,0.0014851,0.0009901,0.0049505
32,6,60,4.02E+06,37.649,6,7,10150,1.53,1994,3.60E+06,0.017348,0.22759,0.1202,0.014457,0.01487,0.022718,0,0.013218,0.021479,0,0.017761,0.015283,0.030153,0.00041305,0.0037175,0.0028914,0.0028914,0.0012392
33,6,60,4.58E+06,67.149,6,7,10150,1.53,1994,3.60E+06,0.05105,0.28531,0.085162,0.01145,0.041985,0.052481,0.009542,0.022185,0.047233,0.016937,0.027195,0.015029,0.007395,0.00071565,0.0028626,0.00023855,0.00071565,0
34,6,60,4.10E+06,67.802,6,7,10150,1.53,1994,3.60E+06,0.011815,0.3242,0.20321,0.0037807,0.018667,0.050095,0.0054348,0,0.0051985,0.0096881,0.010161,0.029064,0.0047259,0,0.00047259,0.0018904,0.0021267,0.00023629
1,7,34,3.91E+05,22.213,3,3,2262,5.53,1995,3.69E+05,0.0056987,0.11596,0.060456,0.013627,0.0056987,0.031715,0.049554,0.014618,0.013627,0.038652,0.089197,0.042369,0.041625,0.00024777,0.0071853,0.00099108,0.0069376,0
2,7,17,4.81E+05,272.95,4,5,3369,0.66,1933,4.50E+05,0.0017526,0.0060434,0.0012691,0.0011482,0.00066477,0.00060434,0.090893,0.044177,0.048891,0.037711,0.12437,0.084064,0.034447,0.005983,0.0035052,0.0070103,0.014142,0.0014504
3,7,66,8.61E+05,125.82,4,3,2497,0.2,2019,8.10E+05,0.010369,0.12988,0.081141,0.0029812,0.018276,0.028257,0.018795,0.014128,0.018665,0.010499,0.028775,0.036034,0.011666,0.0050551,0.0045366,0.0024627,0.0019443,0.0010369
8,7,46,7.86E+06,161.75,8,9,13602,3.59,2003,7.75E+06,0,0.023739,0.016029,0.0010145,0.0015218,0.0027392,0.04616,0.036522,0.036116,0.032261,0.070711,0.060059,0.0068987,0.008319,0.0090291,0.014812,0.005174,0.0082175
11,7,46,7.26E+06,64.542,8,9,13602,3.59,2003,7.75E+06,0.0056987,0.11596,0.060456,0.013627,0.0056987,0.031715,0.049554,0.014618,0.013627,0.038652,0.089197,0.042369,0.041625,0.00024777,0.0071853,0.00099108,0.0069376,0
12,7,69,3.60E+05,50.596,3,2,1666,0.23,2016,3.60E+05,0.016573,0.13884,0.1576,0.022201,0.074109,0.10882,0.0043777,0.0050031,0.0043777,0.010319,0,0.0096936,0.045966,0,0,0,0.0012508,0.0037523
13,7,69,3.85E+05,48.803,3,2,1666,0.23,2016,3.60E+05,0.013264,0.13103,0.033323,0.00097056,0.01747,0.016176,0.011,0.019088,0.029117,0.02394,0.025558,0.033323,0.0025882,0,0.014882,0.016823,0.0084115,0.0058234
14,7,55,2.90E+05,66.072,3,2,1367,0.35,1988,2.55E+05,0.0012112,0.0172,0.019138,0.013324,0.0062984,0.0050872,0.02689,0.035368,0.050872,0.019138,0.079215,0.053295,0.0077519,0.0087209,0.013808,0.0036337,0.0043605,0
16,7,18,3.33E+05,80.352,3,2,1387,1.08,2005,3.35E+05,0.0042118,0.027878,0.029683,0.0016045,0.0020056,0.0084236,0.038909,0.051945,0.059166,0.045327,0.068191,0.074809,0.0092258,0.0054152,0.010028,0.017248,0.0026073,0.00020056
17,7,69,3.50E+05,35.263,3,2,1666,0.23,2016,3.60E+05,0.00087796,0.034241,0.055312,0.0074627,0.0061457,0.018876,0.011414,0.011414,0.0061457,0.025022,0.03468,0.071554,0.024144,0,0.01712,0.010536,0,0
18,7,69,3.86E+05,170.5,3,2,1666,0.23,2016,3.60E+05,9.62E-05,0.015297,0.0015393,0,0.00019242,9.62E-05,0.035694,0.033481,0.068212,0.0072157,0.038388,0.059746,0.016548,0.0052915,0.0017318,0.00096209,0.00028863,0
19,7,34,3.91E+05,22.213,3,3,2262,5.53,1995,3.69E+05,0.024096,0.14993,0.18005,0.023427,0.018742,0.042169,0,0.0080321,0.02075,0,0.013387,0,0.0080321,0,0.0026774,0,0,0
20,7,20,3.70E+05,255.98,3,4,1604,2,2008,3.40E+05,0.0086285,0.06407,0.031423,0.001481,0.0077914,0.0060528,0.040438,0.043786,0.086478,0.017128,0.036961,0.068899,0.040116,0.011462,0.0048294,0.0067611,0.0057952,0.0027688
21,7,36,4.03E+05,91.891,4,3,1835,0.97,1978,3.48E+05,0.011448,0.042797,0.033639,0.004403,0.0056358,0.0049313,0.0065164,0.01814,0.025537,0.0047552,0.02994,0.037689,0.0019373,0.0051074,0.00070447,0.00017612,0,0
22,7,55,3.03E+05,54.711,3,2,1367,0.35,1988,2.55E+05,0.050203,0.096924,0.035113,0.0023215,0.042658,0.021764,0.039176,0.018572,0.019153,0.018572,0.024376,0.034243,0.00029019,0.010737,0.013059,0.012188,0,0
23,7,42,2.70E+05,168.26,4,2,1694,0.25,1958,2.75E+05,0.015505,0.023111,0.026329,0.0052657,0.0053632,0.0090687,0.020673,0.041443,0.040078,0.037738,0.065724,0.050512,0.0020478,0.0068259,0.003608,0.012482,0.0041931,0.0027304
24,7,44,8.03E+05,43.009,4,3,2780,0.24,2016,7.85E+05,0.017499,0.033904,0.033175,0.0018228,0.013853,0.025155,0.049581,0.053591,0.028801,0.030623,0.045935,0.09588,0.01677,0.029165,0.0014583,0.0029165,0.0076559,0
25,7,18,3.95E+05,18.628,3,2,1387,1.08,2005,3.35E+05,0.0015699,0.086342,0.13501,0.013344,0.0070644,0.031397,0,0,0,0.0070644,0.017268,0.00078493,0.032182,0,0.0094192,0,0,0
26,7,79,4.09E+05,112.59,3,2,1682,0.13,2016,3.87E+05,0.012444,0.047461,0.060917,0.012589,0.027637,0.017942,0.014325,0.028939,0.020836,0.048763,0.051512,0.03603,0.0079583,0.0044856,0.0079583,0.011286,0.0034727,0.0050644
27,7,36,3.43E+05,195.03,4,3,1835,0.97,1978,3.48E+05,0,0.0022045,0.0038155,0.00042394,0.00025437,8.48E-05,0.0046634,0.013057,0.0027132,0.0077158,0.020773,0.031796,0.0010175,0.0050025,0.0019501,0.0089876,0.0037307,0.0012718
28,7,14,2.17E+05,147.22,3,2,1404,1,1986,1.65E+05,0.014889,0.012444,0.0038889,0.0072222,0.0072222,0.0058889,0.082333,0.082,0.059667,0.057556,0.064,0.092,0.012111,0.018667,0.013778,0.029556,0.029333,0.023889
29,7,17,4.81E+05,272.95,4,5,3369,0.66,1933,4.50E+05,0.0017526,0.0060434,0.0012691,0.0011482,0.00066477,0.00060434,0.090893,0.044177,0.048891,0.037711,0.12437,0.084064,0.034447,0.005983,0.0035052,0.0070103,0.014142,0.0014504
30,7,34,4.19E+05,14.256,3,3,2262,5.53,1995,3.69E+05,0.00098425,0.075787,0.011811,0.0049213,0.0029528,0.023622,0,0.027559,0.019685,0.017717,0.003937,0.080709,0.0029528,0,0.0049213,0,0.003937,0
31,7,5,3.22E+05,35.36,4,2,2297,0.72,1920,3.00E+05,0.0087604,0.038546,0.026719,0.012703,0.010951,0.0035042,0.026719,0.04424,0.075777,0.061323,0.070521,0.11257,0.0096364,0.0061323,0.0096364,0.0039422,0.0013141,0.0035042
32,7,34,4.01E+05,34.083,3,3,2262,5.53,1995,3.69E+05,0.017671,0.079293,0.08473,0.0022655,0.020843,0.031264,0.027186,0.043498,0.014046,0.033077,0.032623,0.049388,0.0081559,0.0054372,0,0.0067966,0.024921,0.0049841
33,7,27,9.49E+05,40.948,3,3,2809,1.53,1996,9.49E+05,0.017946,0.11149,0.06911,0.015273,0.010691,0.028637,0.0080183,0.0072547,0.03551,0.018328,0.05231,0.038946,0.0099275,0,0.002291,0.010309,0.0019091,0
34,7,66,8.61E+05,125.82,4,3,2497,0.2,2019,8.10E+05,0.010369,0.12988,0.081141,0.0029812,0.018276,0.028257,0.018795,0.014128,0.018665,0.010499,0.028775,0.036034,0.011666,0.0050551,0.0045366,0.0024627,0.0019443,0.0010369
1,8,78,5.01E+05,129.88,4,2,2100,0.67,2022,4.75E+05,0.00064667,0.012772,0.0039609,0.0020209,0.00088918,0.00088918,0.074044,0.027079,0.04559,0.026352,0.095304,0.061353,0.029828,0.0051734,0.0057392,0.0021017,0.0057392,0.0037992
2,8,77,2.21E+05,122.73,3,2,1504,5.35,2005,2.19E+05,0.0022579,0.016602,0.0058441,0.0035861,0.001461,0,0.063089,0.057909,0.078098,0.037455,0.090052,0.067207,0.021384,0.01036,0.0030549,0.0015938,0.002922,0
3,8,73,5.26E+05,163.63,4,2,1884,0.23,2021,4.90E+05,0.0041057,0.047667,0.026838,0.00070098,0.00060084,0.0082115,0.046866,0.033347,0.10284,0.015221,0.026337,0.088424,0.011917,0.016123,0.00020028,0.0023032,0.0010014,0.00040056
8,8,78,4.39E+05,404.84,4,2,2100,0.67,2022,4.75E+05,0.0037349,0.037102,0.018715,0.0024215,0.0057459,0.0072235,0.0126,0.011943,0.0077981,0.017156,0.019126,0.016048,0.0015186,0.00082085,0.007757,0.0034476,0.003858,0.001929
11,8,17,4.22E+05,203.37,4,5,3369,0.66,1933,4.50E+05,0.00064667,0.012772,0.0039609,0.0020209,0.00088918,0.00088918,0.074044,0.027079,0.04559,0.026352,0.095304,0.061353,0.029828,0.0051734,0.0057392,0.0021017,0.0057392,0.0037992
12,8,4,4.80E+05,49.075,5,3,3077,0.27,2020,4.78E+05,0.044416,0.10332,0.13228,0.020921,0.073383,0.084648,0,0,0,0,0,0.00064371,0.047313,0,0.0019311,0,0,0
13,8,74,5.40E+05,39.992,4,2,2335,0.8,1925,4.95E+05,0.00039047,0.058571,0.026943,0.0035143,0,0.0011714,0.050761,0.030457,0.0164,0.012495,0.045295,0.032409,0,0.015228,0.026552,0.04139,0.030457,0.007419
14,8,78,5.04E+05,34.903,4,2,2100,0.67,2022,4.75E+05,0.018617,0.054521,0.052748,0.017287,0.039007,0.042996,0.034131,0.023936,0.026152,0.016844,0.034131,0.027039,0.011082,0.0075355,0.0031028,0.0044326,0,0
18,8,4,5.03E+05,26.96,5,3,3077,0.27,2020,4.78E+05,0.005618,0.049438,0.024157,0.015169,0.02809,0.013483,0.008427,0.017978,0.0011236,0.008427,0.029213,0.033708,0.017416,0.0044944,0,0,0,0
19,8,78,5.01E+05,129.88,4,2,2100,0.67,2022,4.75E+05,0.015329,0.060686,0.037693,0.018972,0.0085438,0.0082925,0.026888,0.014449,0.0050258,0.0037693,0.015705,0.0147,0.030029,0.00062822,0.016585,0.0022616,0.010303,0.012564
20,8,78,4.70E+05,201.63,4,2,2100,0.67,2022,4.75E+05,0.0025271,0.03595,0.0088856,0.00016304,0.0036684,0.0052988,0.072878,0.074916,0.087633,0.04614,0.091709,0.094237,0.016059,0.021114,0.0008152,0.021195,0.016956,0.012717
21,8,4,5.31E+05,34.159,5,3,3077,0.27,2020,4.78E+05,0.011759,0.11624,0.080054,0.034826,0.052465,0.011759,0.026685,0.022614,0.037087,0.022162,0.033921,0.060606,0.0040706,0.0081411,0,0.006332,0,0
22,8,4,5.11E+05,57.799,5,3,3077,0.27,2020,4.78E+05,0.012669,0.10631,0.079868,0.00055081,0.00055081,0.012118,0.038557,0.027541,0.045442,0.023134,0.041586,0.11292,0.00027541,0.00027541,0.0055081,0.001377,0,0
23,8,17,5.52E+05,79.713,4,5,3369,0.66,1933,4.50E+05,0.0030334,0.023054,0.0064712,0.0014156,0.0016178,0.0024267,0.0022245,0.01274,0.023054,0.013751,0.035187,0.025076,0.0012133,0.0028311,0.0084934,0.025683,0.0020222,0.0028311
24,8,14,1.81E+05,136.2,3,2,1404,1,1986,1.65E+05,0.010793,0.025902,0.02962,0.0017988,0.01535,0.028301,0.047967,0.016549,0.025902,0.030579,0.065715,0.07375,0.012591,0.013911,0.0034776,0.0061158,0.0022785,0.001439
25,8,78,5.11E+05,10.751,4,2,2100,0.67,2022,4.75E+05,0,0.12547,0.13292,0.0074534,0.0024845,0.0062112,0.037267,0,0.012422,0.019876,0.018634,0,0.013665,0,0,0,0,0
26,8,78,5.04E+05,120.88,4,2,2100,0.67,2022,4.75E+05,0.011074,0.035246,0.042674,0.016745,0.032546,0.02998,0.024713,0.027279,0.0082377,0.009183,0.039838,0.022282,0.012694,0.003106,0.0059419,0.01418,0.0014855,0.0022957
27,8,74,4.80E+05,86.178,4,2,2335,0.8,1925,4.95E+05,0.0035701,0.010147,0.012401,0.0003758,0,0.0003758,0,0,0.0003758,0.0030064,0.035513,0.032882,0.0003758,0.0050733,0.012401,0.013529,0.0045096,0.0020669
28,8,14,1.99E+05,47.178,3,2,1404,1,1986,1.65E+05,0.05784,0.19157,0.17085,0.06319,0.032096,0.079572,0,0.0096958,0,0,0,0.001003,0.0053494,0,0.004012,0.001003,0,0
29,8,77,2.21E+05,122.73,3,2,1504,5.35,2005,2.19E+05,0.0022579,0.016602,0.0058441,0.0035861,0.001461,0,0.063089,0.057909,0.078098,0.037455,0.090052,0.067207,0.021384,0.01036,0.0030549,0.0015938,0.002922,0
30,8,4,4.95E+05,11.161,5,3,3077,0.27,2020,4.78E+05,0.009627,0.13357,0.042118,0,0.021661,0.037304,0,0,0,0,0,0.0012034,0.0012034,0,0.0048135,0.025271,0.022864,0
31,8,30,5.20E+05,72.52,4,4,2820,1.84,1962,4.95E+05,0.0037686,0.013301,0.014631,0.005542,0.0050986,0.0026602,0.052095,0.05675,0.052982,0.04611,0.080692,0.062736,0.011749,0,0.0073155,0.0011084,0,0
32,8,64,4.11E+05,53.378,4,2,2336,0.4,1983,4.10E+05,0.0083185,0.054664,0.054367,0.00089127,0.0044563,0.013666,0.03268,0.020202,0.026441,0.02852,0.060309,0.035056,0.0065359,0.0041592,0.013369,0.0092097,0.011289,0.0059418
33,8,76,7.21E+05,139.53,2,2,3259,2,2010,6.50E+05,0.012999,0.15224,0.083265,0.006441,0.0080806,0.015927,0.023422,0.028106,0.082211,0.01417,0.039934,0.04052,0.0091346,0.00011711,0.00023422,0.00046844,0.00058555,0.0017566
34,8,73,5.26E+05,163.63,4,2,1884,0.23,2021,4.90E+05,0.0041057,0.047667,0.026838,0.00070098,0.00060084,0.0082115,0.046866,0.033347,0.10284,0.015221,0.026337,0.088424,0.011917,0.016123,0.00020028,0.0023032,0.0010014,0.00040056
1,9,65,7.11E+05,81.484,3,3,2495,1.78,2015,7.00E+05,0.002793,0.01995,0.0086783,0.001596,0,0.001995,0.070623,0.059052,0.037805,0.025835,0.083791,0.06384,0.019451,0.0086783,0.014863,0.0065835,0.0057855,9.98E-05
2,9,74,5.00E+05,146.23,4,2,2335,0.8,1925,4.95E+05,0.0011186,0.020358,0.0042506,0,0,0.00011186,0.089038,0.047987,0.068121,0.03311,0.17349,0.068456,0.0089485,0.0074944,0.002349,0.012192,0.016219,0
3,9,17,4.86E+05,80.741,4,5,3369,0.66,1933,4.50E+05,0.017169,0.34757,0.15612,0.0075863,0.019964,0.01098,0.013576,0.018167,0.0081853,0.017169,0.034737,0.039728,0.0031943,0.0033939,0.00039928,0.00059892,0.0047914,0
4,9,58,8.17E+05,17.031,4,4,3584,17.41,1974,5.75E+05,0.003387,0.088061,0.099915,0.055885,0.049958,0.0076207,0,0,0,0,0,0.056732,0,0,0,0,0,0
8,9,4,4.67E+05,144.4,5,3,3077,0.27,2020,4.78E+05,0.0059722,0.044562,0.039049,0.0036752,0.0082692,0.0047089,0.0035604,0.0017228,0,0.0050534,0.014586,0.0079247,0.0017228,0.0063168,0.0041346,0.012863,0.0047089,0.0047089
11,9,17,4.81E+05,164.29,4,5,3369,0.66,1933,4.50E+05,0.002793,0.01995,0.0086783,0.001596,0,0.001995,0.070623,0.059052,0.037805,0.025835,0.083791,0.06384,0.019451,0.0086783,0.014863,0.0065835,0.0057855,9.98E-05
12,9,66,8.13E+05,92.535,4,3,2497,0.2,2019,8.10E+05,0.038482,0.1646,0.12821,0.0069967,0.03131,0.036033,0.0022739,0.015043,0.026937,0.025713,0.036383,0.028337,0.008396,0.0047228,0.0015743,0.0055973,0,0.00052475
13,9,50,1.08E+06,14.45,5,6,5862,1.8,2013,9.61E+05,0.0087549,0.049611,0.041829,0.0068093,0.0019455,0.034047,0.019455,0.068093,0.064202,0.050584,0.038911,0.030156,0,0,0.012646,0.011673,0,0
14,9,3,8.66E+05,44.237,5,3,3356,0.47,2020,8.74E+05,0.013845,0.041889,0.053248,0.025914,0.01207,0.029819,0.0078097,0.011715,0.048633,0,0.020944,0.075612,0.0056798,0.0085197,0.0067448,0.015974,0.0046148,0.0039049
18,9,2,8.25E+05,40.514,3,4,2974,28,1998,7.80E+05,0.014655,0.31354,0.11917,0.013112,0.021211,0.038951,0,0.00077131,0.0023139,0,0.034709,0.033938,0.00077131,0.0030852,0.00077131,0.0042422,0.0042422,0
19,9,65,7.11E+05,81.484,3,3,2495,1.78,2015,7.00E+05,0.03464,0.2504,0.17201,0.0192,0.022961,0.037609,0,0,0,0,0,0,0,0,0,0,0,0
20,9,65,7.00E+05,117.53,3,3,2495,1.78,2015,7.00E+05,0.010115,0.031038,0.018429,0.00013856,0.0036026,0.0062353,0.041014,0.039767,0.089234,0.030761,0.10614,0.1581,0.010392,0.030068,0.00013856,0.0070666,0.012332,0.0063738
21,9,3,9.20E+05,29.544,5,3,3356,0.47,2020,8.74E+05,0.026887,0.085315,0.070838,0.01758,0.027921,0.0212,0.035677,0.024819,0.064116,0.048087,0.094105,0.052223,0.0072389,0.0020683,0,0,0,0
22,9,3,9.83E+05,13.61,5,3,3356,0.47,2020,8.74E+05,0.01636,0.13804,0.023517,0,0.023517,0.0092025,0,0.0409,0.022495,0.013292,0.052147,0.060327,0,0.025562,0.0071575,0,0,0
23,9,27,9.50E+05,30.563,3,3,2809,1.53,1996,9.49E+05,0.007515,0.089679,0.046593,0.011523,0.025551,0.013527,0.018537,0.02505,0.024048,0.056613,0.05511,0.026052,0.003507,0.006012,0.002505,0.010521,0.004509,0.01002
24,9,45,1.21E+06,49.06,4,4,3087,0.25,2020,1.07E+06,0.007405,0.055377,0.022859,0.0070831,0.0038635,0.050225,0.019317,0.019317,0.034771,0.016098,0.024469,0.05763,0.033806,0.0035415,0.00064392,0,0.00064392,0.0025757
25,9,3,9.69E+05,13.178,5,3,3356,0.47,2020,8.74E+05,0.0021075,0.088514,0.045311,0,0,0.028451,0,0.021075,0.014752,0,0.031612,0.0021075,0.035827,0,0,0.0031612,0,0
26,9,65,7.48E+05,114.56,3,3,2495,1.78,2015,7.00E+05,0.011557,0.04965,0.052932,0.026537,0.016407,0.034099,0.0094165,0.01227,0.01869,0.026965,0.037095,0.043801,0.011129,0.0045656,0.0071337,0.017406,0.0068483,0.00057069
27,9,53,7.63E+05,71.929,5,4,3632,1.09,1990,7.88E+05,0.00044873,0,0.00044873,0,0.0029168,0.00044873,0,0,0,0,0.0017949,0.0020193,0.00089746,0,0,0.0011218,0,0.0038142
28,9,24,9.77E+05,61.653,6,5,3250,28.27,2014,8.45E+05,0.01709,0.021491,0.010098,0.0051787,0.0051787,0.0028483,0.039617,0.069135,0.03392,0.031072,0.083635,0.038322,0.024081,0.010357,0.017607,0.022527,0.043242,0.0051787
29,9,74,5.00E+05,146.23,4,2,2335,0.8,1925,4.95E+05,0.0011186,0.020358,0.0042506,0,0,0.00011186,0.089038,0.047987,0.068121,0.03311,0.17349,0.068456,0.0089485,0.0074944,0.002349,0.012192,0.016219,0
30,9,50,1.03E+06,11.519,5,6,5862,1.8,2013,9.61E+05,0.052817,0.06338,0.018779,0.016432,0,0.012911,0,0.023474,0,0,0.039906,0.043427,0,0,0.010563,0.016432,0,0
31,9,27,9.85E+05,32.316,3,3,2809,1.53,1996,9.49E+05,0.017135,0.11566,0.078534,0.0071395,0.016183,0.0066635,0.013803,0.025702,0.025702,0.023322,0.068539,0.028558,0.022846,0.0052356,0.0047596,0,0,0
32,9,72,9.22E+05,26.035,3,2,1612,0.81,1980,9.30E+05,0.0087007,0.093968,0.042923,0.00058005,0.013921,0.017981,0.019722,0.022042,0.034223,0.11833,0.038863,0.050464,0.024362,0.0087007,0.0040603,0.017981,0.0011601,0.00058005
33,9,30,5.25E+05,98.497,4,4,2820,1.84,1962,4.95E+05,0.0018107,0.024527,0.017119,0,0.0021399,0.00098765,0.066996,0.077202,0.055309,0.019588,0.074733,0.051523,0.011523,0.0032922,0.0042798,0.00082305,0,0
34,9,17,4.86E+05,80.741,4,5,3369,0.66,1933,4.50E+05,0.017169,0.34757,0.15612,0.0075863,0.019964,0.01098,0.013576,0.018167,0.0081853,0.017169,0.034737,0.039728,0.0031943,0.0033939,0.00039928,0.00059892,0.0047914,0
1,10,41,6.03E+05,98.509,3,3,2171,0.2,2005,5.70E+05,0.0052407,0.022755,0.0095159,0.010068,0.0034478,0.0049648,0.055441,0.047855,0.059026,0.035995,0.083988,0.076541,0.01324,0.0082747,0.0079989,0.0056544,0.0041374,0.0012412
2,10,56,2.02E+06,213.05,5,5,5006,2.73,2009,1.10E+06,0.0010817,0.01074,0.0021635,7.73E-05,0.00069541,0,0.061814,0.04667,0.051151,0.022176,0.11729,0.055015,0.010663,0.0051769,0.00077268,0.007495,0.0069541,0.00061814
3,10,41,6.10E+05,223.63,3,3,2171,0.2,2005,5.70E+05,0.00080954,0.042685,0.020312,7.36E-05,0.0016191,0.0013983,0.064395,0.047468,0.072196,0.02252,0.037018,0.048793,0.0051516,0.0045628,0.0012511,0.0058875,0.0038269,0
8,10,9,1.10E+07,74.836,7,9,5623,0.27,1895,9.98E+06,0.010987,0.075399,0.042654,0.0025851,0.014003,0.013356,0.011633,0.0028005,0.0047393,0.011633,0.03533,0.026928,0.00021542,0.0034468,0.01508,0.0012925,0,0
11,10,46,8.40E+06,118.1,8,9,13602,3.59,2003,7.75E+06,0.0052407,0.022755,0.0095159,0.010068,0.0034478,0.0049648,0.055441,0.047855,0.059026,0.035995,0.083988,0.076541,0.01324,0.0082747,0.0079989,0.0056544,0.0041374,0.0012412
13,10,51,6.70E+05,55.036,6,4,3642,2,2006,5.00E+05,0,0.043867,0.015007,0.001443,0.0002886,0.0011544,0.027706,0.035209,0.024242,0.054257,0.050505,0.079365,0.0008658,0.0040404,0.017605,0.017605,0.0011544,0.0008658
14,10,51,5.41E+05,62.49,6,4,3642,2,2006,5.00E+05,0.0048569,0.019172,0.040644,0.014315,0.010481,0.029141,0.021217,0.02863,0.027352,0.015082,0.053425,0.055982,0.0071575,0,0.00051125,0.0033231,0.0046012,0.0035787
18,10,67,5.52E+05,38.364,3,3,2045,0.2,2021,5.25E+05,0.0048701,0.30276,0.14407,0.0044643,0.0040584,0.015422,0,0,0,0,0.041396,0.050731,0.0068994,0,0,0,0,0
19,10,41,6.03E+05,98.509,3,3,2171,0.2,2005,5.70E+05,0,0,0,0,0,0,0,0,0,0,0,0,0,0,0,0,0,0
21,10,33,7.71E+05,25.833,3,2,1728,0.26,1998,6.95E+05,0.029223,0.23963,0.15839,0.0081823,0.10579,0.037989,0,0.0058445,0,0,0.0093513,0.049679,0.0046756,0.0011689,0,0,0,0
22,10,71,7.57E+05,22.23,4,3,2759,0.4,2013,6.99E+05,0.050836,0.12308,0.035452,0.020067,0.019398,0.045485,0.02408,0.012709,0.038127,0.037458,0.006689,0.0301,0.0006689,0,0.0006689,0.0073579,0,0
23,10,33,7.57E+05,19.295,3,2,1728,0.26,1998,6.95E+05,0.044731,0.041698,0.04094,0.028052,0.030326,0.025019,0,0,0,0.028052,0.04094,0.012889,0.0083397,0.0015163,0.019712,0.00075815,0.0068234,0
24,10,29,2.30E+06,88.696,3,4,5500,1.08,2019,2.16E+06,0.016223,0.039008,0.030623,0.0051039,0.0067444,0.016041,0.084214,0.067444,0.065622,0.03117,0.059059,0.089501,0.026978,0.0078381,0.0023697,0.0018228,0.0061976,0
25,10,76,7.44E+05,13.229,2,2,3259,2,2010,6.50E+05,0.0084299,0.13066,0.11064,0.0052687,0.004215,0.0031612,0,0.014752,0,0.015806,0.018967,0.028451,0.051633,0,0.0010537,0.014752,0,0
26,10,67,5.53E+05,129.38,3,3,2045,0.2,2021,5.25E+05,0.0091047,0.020865,0.050961,0.011128,0.017324,0.021497,0.012393,0.019853,0.015554,0.03389,0.058295,0.065883,0.014036,0.0051846,0.01176,0.014036,0.011002,0.0099899
27,10,13,5.78E+05,186.21,3,4,2922,0.45,2002,5.00E+05,0,0.00035361,0,0,0,0,0,0,0,0,0.0052157,0.0082214,0.0011492,0,0.00053041,0.0011492,0.00088402,0.0001768
28,10,75,6.59E+05,112.29,5,4,3834,10,2007,6.25E+05,0.012466,0.031599,0.016669,0.0046384,0.002899,0.0037687,0.045804,0.038991,0.059719,0.064067,0.095521,0.068996,0.015075,0.014495,0.005508,0.021452,0.028265,0.0018843
29,10,56,2.02E+06,213.05,5,5,5006,2.73,2009,1.10E+06,0.0010817,0.01074,0.0021635,7.73E-05,0.00069541,0,0.061814,0.04667,0.051151,0.022176,0.11729,0.055015,0.010663,0.0051769,0.00077268,0.007495,0.0069541,0.00061814
30,10,47,6.70E+05,46.278,3,2,2509,2.48,1994,5.95E+05,0,0.054137,0.016003,0.00034048,0.0061287,0.011236,0.012938,0,0.0091931,0,0,0.012598,0.0040858,0.00068097,0.020429,0.0078311,0.0020429,0
31,10,19,6.33E+05,43.246,4,3,2381,0.36,1997,5.99E+05,0.00072543,0.043163,0.022125,0.0032644,0.0036271,0.0065288,0.053319,0.057671,0.027929,0.059848,0.11788,0.066014,0.0036271,0.022851,0.0087051,0.0021763,0,0
32,10,58,5.78E+05,38.569,4,4,3584,17.41,1974,5.75E+05,0.063409,0.19871,0.11228,0.0068659,0.0044426,0.092084,0.011712,0.0048465,0.017367,0.0080775,0.016963,0.0076737,0.0012116,0.0044426,0.00040388,0.015751,0.003231,0.00080775
33,10,74,5.40E+05,39.195,4,2,2335,0.8,1925,4.95E+05,0.0043755,0.12928,0.067621,0.0043755,0.0075577,0,0.015513,0.031026,0.099443,0.010342,0.051313,0.048528,0.0071599,0.00039777,0.00079554,0.00079554,0,0
34,10,41,6.10E+05,223.63,3,3,2171,0.2,2005,5.70E+05,0.00080954,0.042685,0.020312,7.36E-05,0.0016191,0.0013983,0.064395,0.047468,0.072196,0.02252,0.037018,0.048793,0.0051516,0.0045628,0.0012511,0.0058875,0.0038269,0
1,11,53,8.02E+05,32.813,5,4,3632,1.09,1990,7.88E+05,0,0,0,0,0,0,0,0,0,0,0,0,0,0,0,0,0,0
2,11,55,2.68E+05,239.03,3,2,1367,0.35,1988,2.55E+05,0.0033772,0.018816,0.0082707,0.00055138,0.0023434,0,0.069681,0.059136,0.061617,0.033841,0.10311,0.077814,0.013647,0.011924,0.0028948,0.011372,0.014405,0.0020677
3,11,18,3.30E+05,119.18,3,2,1387,1.08,2005,3.35E+05,0.0010935,0.040323,0.023237,0,0.004784,0.0010935,0.060416,0.072307,0.072034,0.032668,0.066703,0.06766,0.011345,0.0034172,0.0038272,0.002187,0.00013669,0.0017769
6,11,38,3.13E+05,188.85,3,2,1743,4.43,1985,2.92E+05,0.016884,0.032724,0.024891,0.0070496,0.0072237,0.036379,0.012185,0.029591,0.038294,0.027328,0.075457,0.068755,0.0083551,0.0052219,0.013838,0.0052219,0.0057441,0.0039164
14,11,3,9.28E+05,32.165,5,3,3356,0.47,2020,8.74E+05,0.028681,0.037763,0.060229,0.01195,0.00047801,0.021511,0,0,0.057361,0.00047801,0.067878,0.08413,0.031071,0.028681,0.012906,0.032505,0.017686,0.0071702
18,11,53,7.88E+05,47.039,5,4,3632,1.09,1990,7.88E+05,0.020101,0.37554,0.19028,0.0043551,0.017755,0.01742,0,0,0,0,0.0030151,0.034841,0.001675,0,0,0,0,0
19,11,53,8.02E+05,32.813,5,4,3632,1.09,1990,7.88E+05,0,0,0,0,0,0,0,0,0,0,0,0,0,0,0,0,0,0
21,11,27,1.14E+06,11.208,3,3,2809,1.53,1996,9.49E+05,0.001199,0.15947,0.11511,0.0035971,0.057554,0.016787,0,0,0.068345,0,0.033573,0.1271,0.001199,0.01199,0.0047962,0,0,0
22,11,66,9.13E+05,22.01,4,3,2497,0.2,2019,8.10E+05,0.056005,0.16734,0.039811,0.0040486,0.033063,0.017544,0,0.024966,0.010796,0,0.030364,0.00067476,0.00067476,0.00067476,0.00067476,0.0020243,0.0074224,0.0053981
23,11,27,1.09E+06,46.926,3,3,2809,1.53,1996,9.49E+05,0.04869,0.12021,0.08227,0.065816,0.039624,0.068502,0.012089,0.0080591,0.0040296,0.021155,0.015447,0.036602,0.0036938,0,0.013768,0.0030222,0,0
24,11,14,1.92E+05,44.892,3,2,1404,1,1986,1.65E+05,0.0052521,0.037465,0.027661,0,0.0028011,0.011204,0.004902,0,0.011555,0.010854,0.027311,0.087885,0.031162,0.018908,0.011204,0.0052521,0.0077031,0.0014006
25,11,27,1.01E+06,10.599,3,3,2809,1.53,1996,9.49E+05,0.011436,0.057179,0.082592,0.0025413,0.0038119,0.013977,0,0,0,0,0.0038119,0.022872,0.048285,0,0.0025413,0,0,0
26,11,3,8.80E+05,117.82,5,3,3356,0.47,2020,8.74E+05,0.013143,0.062673,0.08052,0.020753,0.01591,0.021029,0.018262,0.027393,0.02684,0.025042,0.12562,0.028915,0.011068,0.0031821,0.0017986,0.010791,0.007886,0.0033204
27,11,3,9.41E+05,52.195,5,3,3356,0.47,2020,8.74E+05,0,0,0,0,0,0,0,0,0,0,0,0.00060901,0,0.0021315,0.0015225,0.0073082,0.00030451,0.001827
28,11,30,5.06E+05,51.375,4,4,2820,1.84,1962,4.95E+05,0.034206,0.027735,0.0095532,0.02527,0.010786,0.021572,0.050231,0.019723,0.014176,0.040678,0.10971,0.043143,0.024037,0.017565,0.017874,0.038829,0.060092,0.0089368
29,11,55,2.68E+05,239.03,3,2,1367,0.35,1988,2.55E+05,0.0033772,0.018816,0.0082707,0.00055138,0.0023434,0,0.069681,0.059136,0.061617,0.033841,0.10311,0.077814,0.013647,0.011924,0.0028948,0.011372,0.014405,0.0020677
30,11,66,9.14E+05,19.669,4,3,2497,0.2,2019,8.10E+05,0,0.09389,0.0014903,0.0029806,0,0.0044709,0,0,0.02608,0,0.016393,0.052161,0,0,0.034277,0.009687,0,0.00074516
31,11,24,8.62E+05,16.945,6,5,3250,28.27,2014,8.45E+05,0.025467,0.14431,0.044992,0.012733,0.019525,0.010187,0,0.018676,0.022071,0.017827,0.068761,0.017827,0.011885,0,0.0067912,0,0,0
32,11,50,9.54E+05,32.085,5,6,5862,1.8,2013,9.61E+05,0.0067082,0.11644,0.074748,0.0086248,0.016291,0.044562,0.020604,0.012937,0.017729,0.0115,0.03402,0.050791,0.025874,0.010541,0.0047916,0.009104,0.0047916,0.00095831
33,11,55,2.88E+05,67.569,3,2,1367,0.35,1988,2.55E+05,0.020389,0.15505,0.085586,0.0082978,0.010194,0.031294,0.020863,0.024419,0.034614,0.011617,0.041963,0.033428,0.0071124,0,0.00071124,0,0,0
34,11,18,3.30E+05,119.18,3,2,1387,1.08,2005,3.35E+05,0.0010935,0.040323,0.023237,0,0.004784,0.0010935,0.060416,0.072307,0.072034,0.032668,0.066703,0.06766,0.011345,0.0034172,0.0038272,0.002187,0.00013669,0.0017769
1,12,59,2.50E+05,23.792,3,2,1128,0.52,1910,2.25E+05,0.0030488,0.04065,0.070376,0.017785,0.0088923,0.017022,0.018801,0.031504,0.038364,0.033537,0.033028,0.050305,0.003811,0.0017785,0.0063516,0.0007622,0.0045732,0
2,12,19,5.76E+05,144.41,4,3,2381,0.36,1997,5.99E+05,0.0027183,0.0052101,0.0037377,0,0,0.00022653,0.088798,0.042927,0.051535,0.057991,0.13286,0.08053,0.015177,0.018915,0.0033979,0.010873,0.018462,0.0023785
3,12,59,2.37E+05,43.32,3,2,1128,0.52,1910,2.25E+05,0.024258,0.34432,0.24873,0.0086894,0.032947,0.060463,0,0,0,0,0.0079652,0.026792,0.0036206,0.0072411,0,0.00036206,0.0010862,0
14,12,63,1.60E+05,26.806,3,2,1412,0.14,2008,1.75E+05,0.029944,0.17571,0.11412,0.035593,0.026554,0.087006,0,0.026554,0.0016949,0.018644,0.0079096,0.017514,0.0062147,0,0.0067797,0,0,0
18,12,63,1.88E+05,55.447,3,2,1412,0.14,2008,1.75E+05,0.011748,0.12693,0.10258,0,0.012607,0.0091691,0.0097421,0.0088825,0.053868,0,0.022636,0.043553,0.0060172,0.0040115,0,0,0.00057307,0.00057307
19,12,59,2.50E+05,23.792,3,2,1128,0.52,1910,2.25E+05,0,0,0,0,0,0,0,0,0,0,0,0,0,0,0,0,0,0
21,12,70,2.82E+05,89.904,2,2,1200,0.54,1999,2.50E+05,0.020335,0.096995,0.057405,0.003959,0.026993,0.017455,0.016736,0.019615,0.044089,0.0097175,0.023394,0.048407,0.0046788,0.011157,0.007558,0.0016196,0.00035991,0
22,12,61,1.16E+05,34.756,3,2,1568,0.45,1990,95000,0.04675,0.18032,0.097507,0.011131,0.038736,0.036509,0,0.015138,0.019145,0.043188,0.045414,0.023152,0.013802,0.0044524,0.0048976,0,0,0
23,12,61,1.01E+05,57.779,3,2,1568,0.45,1990,95000,0.046031,0.081312,0.088479,0.028666,0.023705,0.040243,0.005237,0.028666,0.033627,0.051268,0.079658,0.044377,0.0016538,0.00027563,0,0.005237,0,0
24,12,65,7.67E+05,115.83,3,3,2495,1.78,2015,7.00E+05,0.010119,0.029093,0.023331,0.0026704,0.0025299,0.0047786,0.017287,0.029937,0.041181,0.0080112,0.037948,0.077301,0.02572,0.013352,0.012228,0.0085734,0.0047786,0
25,12,77,2.65E+05,25.643,3,2,1504,5.35,2005,2.19E+05,0.00059242,0.028436,0.021919,0,0.00059242,0,0,0.014218,0.00059242,0,0.015403,0.011848,0.014218,0,0.007109,0,0,0
26,12,70,2.70E+05,110.43,2,2,1200,0.54,1999,2.50E+05,0.025225,0.034371,0.043074,0.03024,0.025815,0.038059,0.020504,0.022422,0.022717,0.018587,0.053105,0.031421,0.011064,0.00073757,0.0069332,0.0070807,0.0067857,0.0070807
27,12,77,2.03E+05,71.164,3,2,1504,5.35,2005,2.19E+05,0.0070247,0.014956,0.0072513,0.0045321,0.002266,0.0002266,0.00045321,0.0031724,0.0058917,0.020847,0.0024926,0.015636,0.001133,0.0024926,0.003399,0.0027192,0.00090641,0
28,12,62,4.01E+05,231.93,4,3,2436,1.09,1980,3.65E+05,0.0027687,0.0038336,0.0037626,0.0046145,0.0044725,0.0036206,0.062544,0.11075,0.048275,0.079867,0.11572,0.07369,0.009087,0.01576,0.012708,0.032657,0.030527,0.01789
29,12,19,5.76E+05,144.41,4,3,2381,0.36,1997,5.99E+05,0.0027183,0.0052101,0.0037377,0,0,0.00022653,0.088798,0.042927,0.051535,0.057991,0.13286,0.08053,0.015177,0.018915,0.0033979,0.010873,0.018462,0.0023785
30,12,21,1.03E+05,9.5886,2,1,650,0.5,1960,79000,0.014946,0.17799,0.033967,0,0,0.0067935,0,0,0,0,0,0,0,0,0.025815,0.013587,0,0
31,12,22,2.55E+05,57.463,3,2,1949,5,1998,2.33E+05,0.0066464,0.070064,0.035447,0.0016616,0.0063694,0.010246,0.02797,0.027139,0.020493,0.028524,0.040432,0.032678,0.0060925,0.032955,0.0060925,0.011908,0.00055386,0
32,12,77,2.31E+05,74.667,3,2,1504,5.35,2005,2.19E+05,0.036191,0.14757,0.092202,0.017234,0.037484,0.031452,0.042439,0.020896,0.030806,0.06075,0.080784,0.037915,0.013572,0.0032314,0.0025851,0.0077553,0.0084016,0.0032314
33,12,34,4.00E+05,28.353,3,3,2262,5.53,1995,3.69E+05,0.023618,0.24047,0.12936,0.014493,0.055824,0.032743,0.0085883,0.013956,0.023081,0,0.012346,0.0075148,0.0010735,0.00053677,0,0.012346,0.00053677,0
34,12,59,2.37E+05,43.32,3,2,1128,0.52,1910,2.25E+05,0.024258,0.34432,0.24873,0.0086894,0.032947,0.060463,0,0,0,0,0.0079652,0.026792,0.0036206,0.0072411,0,0.00036206,0.0010862,0
