Zone,Address,nBeds,nBaths,sqft,lotSize,yearBuilt,listPrice,extPic,kitPic,bedPic,bathPic,livPic,outPic
Panhandle (Cedar Key's West),"8251 Pine Forest Rd, Walnut Hill, FL 32568",3,3,"2,100",1.5,1960,"$258,000 ",ext1,kit1,bed1,bath1,liv1,out1
Panhandle,"2169 S Century Blvd, McDavid, FL 32568",3,4,"2,974",28,1998,"$780,000 ",ext2,kit2,bed2,bath2,liv2,out2
Panhandle,"1380 Areca Palm Dr, Gulf Breeze, FL 32563",5,3,"3,356",0.47,2020,"$874,000 ",ext3,kit3,bed3,bath3,liv3,out3
Panhandle,"332 Cayden Way, Cantonment, FL 32533",5,3,"3,077",0.27,2020,"$478,000 ",ext4,kit4,bed4,bath4,liv4,out4
Panhandle,"34162 Barclay Ave, Lillian, AL 36549",4,2,"2,297",0.72,1920,"$299,990 ",ext5,kit5,bed5,bath5,liv5,out5
Panhandle,"2831 Atoka Trl, Crestview, FL 32539",3,2,"1,560",0.26,2000,"$307,000 ",ext6,kit6,bed6,bath6,liv6,out6
Panhandle,"3435 Highway 2, Laurel Hill, FL 32567",3,2,"1,174",1.3,2002,"$289,900 ",ext7,kit7,bed7,bath7,liv7,out7
Panhandle,"40 Sandy Creek Dr, Santa Rosa Beach, FL 32459",4,5,"3,359",1.83,2008,"$3,499,000 ",ext8,kit8,bed8,bath8,liv8,out8
Panhandle,"10 Hotz Ave, Santa Rosa Beach, FL 32459",7,9,"5,623",0.27,1895,"$9,975,000 ",ext9,kit9,bed9,bath9,liv9,out9
Panhandle,"2416 Parker Dr, Niceville, FL 32578",4,3,"3,777",0.4,1974,"$689,000 ",ext10,kit10,bed10,bath10,liv10,out10
Panhandle,"1511 Indian Pass Rd, Port Saint Joe, FL 32456",3,3,"1,822",1.83,2007,"$1,125,000 ",ext11,kit11,bed11,bath11,liv11,out11
Panhandle,"162 Yoder St, Wewahitchka, FL 32465",2,1,888,1.21,2018,"$95,000 ",ext12,kit12,bed12,bath12,liv12,out12
Panhandle,"5206 SE Shellcracker Ave, Blountstown, FL 32424",3,4,"2,922",0.45,2002,"$500,000 ",ext13,kit13,bed13,bath13,liv13,out13
Panhandle,"2454 Hawkins St, Westville, FL 32464",3,2,"1,404",1,1986,"$165,000 ",ext14,kit14,bed14,bath14,liv14,out14
Panhandle,"829 Secluded Dunes Dr, Pt Saint Joe, FL 32456",9,11,"5,625",0.34,2021,"$7,350,000 ",ext15,kit15,bed15,bath15,liv15,out15
Panhandle,"1160 Chance Rd, Chipley, FL 32428",1,1,616,1.99,1998,"$87,900 ",ext16,kit16,bed16,bath16,liv16,out16
Panhandle,"4381 Deering St, Marianna, FL 32446",4,5,"3,369",0.66,1933,"$450,000 ",ext17,kit17,bed17,bath17,liv17,out10
Panhandle,"3535 Quail Ridge Dr, Chipley, FL 32428",3,2,"1,387",1.08,2005,"$334,500 ",ext18,kit18,bed18,bath18,liv18,out10
Panhandle,"102 Colony Harbour Rd, Panama City Beach, FL 32407",4,3,"2,381",0.36,1997,"$599,000 ",ext19,kit19,bed19,bath19,liv19,out19
Panhandle,"200 Agnes Trl, Defuniak Springs, FL 32435",3,4,"1,604",2,2008,"$339,700 ",ext20,kit20,bed20,bath20,liv20,out20
Panhandle,"5061 Aucilla River Rd, Greenville, FL 32331",2,1,650,0.5,1960,"$79,000 ",ext21,kit21,bed21,bath21,liv21,out21
Panhandle,"16142 N Us Highway 19, Lamont, FL 32336",3,2,"1,949",5,1998,"$233,000 ",ext22,kit22,bed22,bath22,liv22,out22
Panhandle,"11 Tom Roberts Rd, Alligator Pt, FL 32346",3,2,936,0.38,1973,"$425,000 ",ext23,kit23,bed23,bath23,liv23,out23
Panhandle,"229 Panton Leslie Ln, Crawfordville, FL 32327",6,5,"3,250",28.27,2014,"$845,000 ",ext24,kit24,bed24,bath24,liv24,out24
Panhandle,"300 W Gorrie Dr, Eastpoint, FL 32328",4,4,"2,100",0.3,2022,"$2,899,000 ",ext25,kit25,bed25,bath25,liv25,out25
Panhandle,"956 W Gorrie Dr, Eastpoint, FL 32328",9,7,"3,400",0.34,1960,"$3,599,000 ",ext26,kit26,bed26,bath26,liv26,out26
Panhandle,"201 N Bay Shore Dr, Eastpoint, FL 32328",3,3,"2,809",1.53,1996,"$949,000 ",ext27,kit27,bed27,bath27,liv27,out27
Panhandle,"1923 Collins Landing Rd, Tallahassee, FL 32310",3,2,"1,907",0.6,1957,"$499,900 ",ext28,kit28,bed28,bath28,liv28,out28
Panhandle,"308 E Park Ave, Tallahassee, FL 32301",3,4,"5,500",1.08,2019,"$2,160,000 ",ext29,kit29,bed29,bath29,liv29,out29
Panhandle,"3113 Lakeshore Dr, Tallahassee, FL 32312",4,4,"2,820",1.84,1962,"$495,000 ",ext30,kit30,bed30,bath30,liv30,out30
Panhandle,"16931 SW 133rd St, Cedar Key, FL 32625",3,3,"2,612",0.85,1974,"$1,325,000 ",ext31,kit31,bed31,bath31,liv31,out31
Panhandle,"482 SE 909th Ave, Old Town, FL 32680",2,3,"1,404",0.24,1986,"$887,000 ",ext32,kit32,bed32,bath32,liv32,out32
Panhandle,"2 8th St, Horseshoe Beach, FL 32648",3,2,"1,728",0.26,1998,"$695,000 ",ext33,kit33,bed33,bath33,liv33,out33
Panhandle,"3454 San Pedro Rd, Perry, FL 32348",3,3,"2,262",5.53,1995,"$369,000 ",ext34,kit34,bed34,bath34,liv34,out34
Panhandle,"698 SE Olustee Dr, Lee, FL 32059",3,3,"2,663",199.04,2003,"$1,793,000 ",ext35,kit35,bed35,bath35,liv35,out35
Panhandle,"126 NE Live Oak Trl, Madison, FL 32340",4,3,"1,835",0.97,1978,"$348,000 ",ext36,kit36,bed36,bath36,liv36,out36
Panhandle,"9482 129th Dr, Live Oak, FL 32060",4,3,"2,555",0.62,1989,"$329,500 ",ext37,kit37,bed37,bath37,liv37,out37
Panhandle,"511 NE Candy Ln, Mayo, FL 32066",3,2,"1,743",4.43,1985,"$292,000 ",ext38,kit38,bed38,bath38,liv38,out38
Panhandle,"226 NW Whitewater Trl S, Mayo, FL 32066",1,1,288,3.07,2010,"$249,900 ",ext39,kit39,bed39,bath39,liv39,out39
Panhandle,"524 SE Yearling Rd, Mayo, FL 32066",2,1,800,0.33,1978,"$79,500 ",ext40,kit40,bed40,bath40,liv40,out40
North Florida,"156 Sunset Cir S, Saint Augustine, FL 32080",3,3,2171,0.2,2005,"569,500",ext42,kit42,bed42,bath42,liv42,out42
North Florida,"3915 ANVERS BLVD, Jacksonville, FL 32210",4,2,1694,0.25,1958,"275,000",ext43,kit43,bed43,bath43,liv43,out43
North Florida,"8242 SW 51st Blvd, Gainesville, FL 32608",4,2,2434,0.22,2000,"439,000",ext44,kit44,bed44,bath44,liv44,out44
North Florida,"3032 BRETTUNGAR DR, Jacksonville, FL 32246",4,3,2780,0.24,2016,"784,999",ext45,kit45,bed45,bath45,liv45,out45
North Florida,"2506 KARATAS CT, Jacksonville, FL 32246",4,4,3087,0.25,2020,"1,070,000",ext46,kit46,bed46,bath46,liv46,out46
North Florida,"6222 &6232 SAN JOSE BLVD W, Jacksonville, FL 32217",8,9,"13,602",3.59,2003,"7,750,000",ext47,kit47,bed47,bath47,liv47,out47
North Florida,"9 Saddle Dr, Ocala, FL 34482",3,2,2509,2.48,1994,"595,000",ext48,kit48,bed48,bath48,liv48,out48
North Florida,"3422 E Fort King St, Ocala, FL 34470",5,4,4064,1.6,1952,"649,000",ext49,kit49,bed49,bath49,liv49,out49
North Florida,"8808 NW 59th St, Gainesville, FL 32653",4,2,2073,1,1986,"490,000",ext50,kit50,bed50,bath50,liv50,out50
North Florida,"4468 ORTEGA FOREST DR, Jacksonville, FL 32210",5,6,5862,1.8,2013,"960,595",ext51,kit51,bed51,bath51,liv51,out51
North Florida,"15563 LEXINGTON PARK BLVD, Jacksonville, FL 32218",6,4,3642,2,2006,"500,000",ext52,kit52,bed52,bath52,liv52,out52
North Florida,"7156 NATAL AVE, Jacksonville, FL 32254",7,4,2710,0.34,1953,"330,000",ext53,kit53,bed53,bath53,liv53,out53
North Florida,"2121 NW 77th St, Gainesville, FL 32605",5,4,3632,1.09,1990,"788,000",ext54,kit54,bed54,bath54,liv54,out54
North Florida,"6705 LINFORD LN, Jacksonville, FL 32217",6,7,5015,0.48,1999,"1,650,000",ext55,kit55,bed55,bath55,liv55,out55
North Florida,"309 Oak Lane Pass, Ocala, FL 34472",3,2,1367,0.35,1988,"254,900",ext56,kit56,bed56,bath56,liv56,out56
North Florida,"5940 SW 21st Avenue Rd, Ocala, FL 34471",5,5,5006,2.73,2009,"1,100,000",ext57,kit57,bed57,bath57,liv57,out57
North Florida,"426 S Beach St, Daytona Beach, FL 32114",5,7,3370,0.5,1990,"1,085,000",ext58,kit58,bed58,bath58,liv58,out58
North Florida,"1426 NE Hwy 351, Cross City, FL 32628",4,4,3584,17.41,1974,"575,000",ext59,kit59,bed59,bath59,liv59,out59
North Florida,"836 S Ridgewood Ave, Daytona Beach, FL 32114",3,2,1128,0.52,1910,"225,000",ext60,kit60,bed60,bath60,liv60,out60
North Florida,"2500 S Peninsula Dr, Daytona Beach, FL 32118",6,7,"10,150",1.53,1994,"3,600,000",ext61,kit61,bed61,bath61,liv61,out61
North Florida,"1732 NW Hwy 351, Cross City, FL 32628",3,2,1568,0.45,1990,"95,000",ext62,kit62,bed62,bath62,liv62,out62
North Florida,"74 NE 227th Ave, Cross City, FL 32628",4,3,2436,1.09,1980,"365,000",ext63,kit63,bed63,bath63,liv63,out63
North Florida,"8720 SUSIE ST, JACKSONVILLE, FL 32210",3,2,1412,0.14,2008,"174,900",ext64,kit64,bed64,bath64,liv64,out64
North Florida,"4226 NW 66th Ter, Gainesville, FL 32606",4,2,2336,0.4,1983,"410,000",ext65,kit65,bed65,bath65,liv65,out65
North Florida,"9195 WOODSMAN COVE LN, JACKSONVILLE, FL 32226",3,3,2495,1.78,2015,"700,000",ext66,kit66,bed66,bath66,liv66,out66
North Florida,"134 GREENVIEW LN, ST AUGUSTINE, FL 32092",4,3,2497,0.2,2019,"809,500",ext67,kit67,bed67,bath67,liv67,out67
North Florida,"97 Pyrite Pl, Saint Augustine, FL 32086",3,3,2045,0.2,2021,"524,900",ext68,kit68,bed68,bath68,liv68,out68
North Florida,"809 NW Milo Ter, Lake City, FL 32055",4,3,2656,5,2020,"695,000",ext69,kit69,bed69,bath69,liv69,out69
North Florida,"31 Seattle Trl, Palm Coast, FL 32164",3,2,1666,0.23,2016,"359,900",ext70,kit70,bed70,bath70,liv70,out70
North Florida,"321 SW Bambi Ln, Lake City, FL 32025",2,2,1200,0.54,1999,"249,900",ext71,kit71,bed71,bath71,liv71,out71
North Florida,"5005 CLAYTON CT, ST AUGUSTINE, FL 32092",4,3,2759,0.4,2013,"699,000",ext72,kit72,bed72,bath72,liv72,out72
North Florida,"287 Barrataria Dr, Saint Augustine, FL 32080",3,2,1612,0.81,1980,"930,000",ext73,kit73,bed73,bath73,liv73,out73
North Florida,"152 WINDERMERE WAY, ST AUGUSTINE, FL 32095",4,2,1884,0.23,2021,"490,000",ext74,kit74,bed74,bath74,liv74,out74
North Florida,"1268 S Marion Ave, Lake City, FL 32025",4,2,2335,0.8,1925,"495,000",ext75,kit75,bed75,bath75,liv75,out75
North Florida,"3280 NE State Road 47, High Springs, FL 32643",5,4,3834,10,2007,"625,000",ext76,kit76,bed76,bath76,liv76,out76
North Florida,"8600 SW 49th Ave, Lake Butler, FL 32054",2,2,3259,2,2010,"650,000",ext77,kit77,bed77,bath77,liv77,out77
North Florida,"232 SW Koonville Ave, Lake City, FL 32024",3,2,1504,5.35,2005,"219,000",ext78,kit78,bed78,bath78,liv78,out78
North Florida,"563 SW Pinehurst Dr, Lake City, FL 32024",4,2,2100,0.67,2022,"474,900",ext79,kit79,bed79,bath79,liv79,out79
North Florida,"4919 SW 63rd Ln, Gainesville, FL 32608",3,2,1682,0.13,2016,"387,000",ext80,kit80,bed80,bath80,liv80,out80
North Florida,"16515 SE County Road 225, Micanopy, FL 32667",4,3,2258,26,1985,"639,000",ext81,kit81,bed81,bath81,liv81,out81
