participantNumber,trialNumber,competitionLevel,avgMarketTime,stimulusChosen,pricePaid,responseTime,numBeds,numBaths,sqft,lotSize,yearBuilt,listPrice,timeLookingAtNumberOfBeds,timeLookingAtExterior,timeLookingAtInterior,timeLookingAtNumberOfBaths,timeLookingAtSqft,timeLookingAtListPrice,timeLookingAtExteriorDetail,timeLookingAtLivingRoomDetail,timeLookingAtBedroomDetail,timeLookingAtBathroomDetail,timeLookingAtOutsideDetail,timeLookingAtKitchenDetail,timeLookingAtListPriceDetail,timeLookingAtNumBedsDetail,timeLookingAtNumBathsDetail,timeLookingAtSqftDetail,timeLookingAtLotSizeDetail,timeLookingAtYearBuiltDetail
1,1,1,24.4826,45,8.33E+06,26.522,4,4,3087,0.25,2020,1.07E+06,0.0017123,0.045091,0.047374,0.0062785,0.0011416,0.0074201,0.0039954,0.025685,0.011986,0,0.0028539,0.022831,0.00057078,0,0.0045662,0.0011416,0,0
2,1,1,27.8743,70,2.71E+05,68.371,2,2,1200,0.54,1999,2.50E+05,0.0056259,0.013127,0.022269,0.0049226,0.012189,0.0089076,0.02391,0.018753,0.019691,0.017112,0.016409,0.038912,0.026957,0.012424,0.0011721,0.0037506,0.0021097,0.0077356
3,1,1,34.689,54,6.04E+06,60.846,6,7,5015,0.48,1999,1.65E+06,0.0034094,0.12431,0.083661,0.011015,0.012326,0.12798,0.01049,0.0034094,0.012589,0.020719,0.015211,0.012326,0.034618,0.00026226,0.0026226,0.00026226,0,0
4,1,1,34.1809,44,7.30E+05,48.017,4,3,2780,0.24,2016,7.85E+05,0.041735,0.063096,0.062438,0.044693,0.082813,0.0884,0,0.00098587,0,0.0046007,0.023989,0.0013145,0.00065725,0.0029576,0.011173,0,0.0075583,0.0032862
5,1,1,23.7835,53,7.75E+05,28.125,5,4,3632,1.09,1990,7.88E+05,0.021092,0.10492,0.087615,0.0016225,0.075717,0.016225,0,0.010276,0.010276,0,0.021633,0.023256,0,0.00054083,0.01298,0,0,0
6,1,1,27.2776,56,1.17E+07,12.146,5,5,5006,2.73,2009,1.10E+06,0.03937,0.14286,0.040495,0.0011249,0.026997,0.03712,0,0,0,0,0,0.019123,0,0,0,0,0,0
7,1,0,53.4398,47,6.30E+05,129.87,3,2,2509,2.48,1994,5.95E+05,0.011688,0.078673,0.048134,0.0090486,0.027146,0.019103,0.013699,0.013447,0.011562,0.014327,0.025261,0.054166,0.011939,0.01395,0.011688,0.0084203,0.011311,0.0038959
8,1,0,54.0058,61,1.51E+05,105.06,3,2,1568,0.45,1990,95000,0.014376,0.024733,0.03169,0.02597,0.0088113,0.025506,0.0038646,0.0052558,0.005565,0.001855,0.030144,0.027361,0.021951,0.0063379,0.016386,0.014995,0.0021642,0.00061833
9,1,0,85.5688,53,8.37E+05,90.129,5,4,3632,1.09,1990,7.88E+05,0.0044883,0.078815,0.054039,0.0043088,0.0071813,0.024596,0.044883,0.038241,0.025853,0.020467,0.049013,0.032675,0.027289,0.014183,0.010054,0.00089767,0.00017953,0
1,2,1,25.4789,6,2.88E+05,46.336,3,2,1560,0.26,2000,3.07E+05,0.015976,0.097213,0.16655,0.03637,0.052685,0.061863,0,0.007138,0.0023793,0.0081577,0.012576,0.018355,0.0067981,0,0.0003399,0.003739,0.003739,0.0013596
2,2,0,80.7099,61,1.19E+05,102.68,3,2,1568,0.45,1990,95000,0.01723,0.063231,0.068132,0.0069554,0.017705,0.050743,0.0093266,0.024976,0.021657,0.018495,0.020708,0.041416,0.018969,0.00063231,0.00031616,0,0.00015808,0
3,2,1,25.7973,27,9.61E+05,109.11,3,3,2809,1.53,1996,9.49E+05,0.0025332,0.078677,0.078528,0.0050663,0.01058,0.035315,0.035464,0.037699,0.029802,0.031739,0.098793,0.01952,0.0084935,0.0031292,0.0010431,0.0034272,0.0041723,0.00059604
4,2,1,25.292,6,3.01E+05,94.299,3,2,1560,0.26,2000,3.07E+05,0.034175,0.03469,0.063198,0.034347,0.040357,0.031599,0.0034347,0.018032,0.041044,0.0053237,0.044651,0.061309,0.0042933,0,0.0089301,0.0068693,0.002576,0.0018891
5,2,1,34.9283,37,3.27E+05,57.027,4,3,2555,0.62,1989,3.30E+05,0.040167,0.036262,0.038215,0.028452,0.052999,0.074477,0,0.00027894,0.009484,0.009484,0.042678,0.045188,0.0016736,0,0.032078,0.013389,0.030126,0.0030683
6,2,0,53.0264,27,1.12E+06,14.573,3,3,2809,1.53,1996,9.49E+05,0.057915,0.065637,0.065637,0.021236,0.042471,0.14672,0,0,0,0,0,0.0057915,0,0,0,0,0,0
7,2,1,25.6805,73,4.85E+05,44.959,4,2,1884,0.23,2021,4.90E+05,0.053846,0.21084,0.1493,0.0062937,0.03007,0.028671,0.0062937,0.0062937,0.011189,0.0066434,0.023776,0.029371,0.024126,0,0.0041958,0,0,0
8,2,1,33.8429,73,5.00E+05,142.05,4,2,1884,0.23,2021,4.90E+05,0.0092092,0.026361,0.031426,0.010591,0.0097847,0.021872,0.0043744,0.0092092,0.014274,0.015656,0.043283,0.038909,0.0092092,0.0061011,0.0064464,0.011857,0.0071371,0.0071371
9,2,0,55.0506,18,3.53E+05,260.61,3,2,1387,1.08,2005,3.35E+05,0.0032899,0.030431,0.035556,0.0039226,0.0027838,0.0039226,0.034797,0.033721,0.045426,0.026952,0.054536,0.045742,0.025307,0.012147,0.013033,0.0060104,0.012021,0.0022776
1,3,1,34.0956,14,1.51E+05,141.89,3,2,1404,1,1986,1.65E+05,0.0038018,0.050691,0.053456,0.0080645,0.0043779,0.0089862,0.021313,0.045622,0.021313,0.02235,0.031567,0.025,0.0058756,0.0043779,0.0080645,0.0050691,0,0
2,3,1,26.0207,33,7.14E+05,59.291,3,2,1728,0.26,1998,6.95E+05,0.020699,0.26075,0.19059,0.005914,0.045968,0.049462,0,0,0.0010753,0,0,0.0013441,0.011022,0.00053763,0,0,0.0056452,0
3,3,1,26.6723,77,2.21E+05,75.132,3,2,1504,5.35,2005,2.19E+05,0.0040677,0.13231,0.10191,0.015414,0.014986,0.030614,0.0055663,0.012417,0.013059,0.0096339,0.01413,0.016485,0.007493,0.0012845,0.0068508,0.0068508,0.0021409,0
5,3,0,48.3432,72,9.79E+05,51.683,3,2,1612,0.81,1980,9.30E+05,0.015012,0.029718,0.029718,0.0079657,0.018995,0.044118,0.0030637,0.0055147,0.028799,0.024816,0.025429,0.059436,0,0,0.02788,0.011336,0.01011,0.012255
6,3,0,67.9341,75,8.17E+05,10.46,5,4,3834,10,2007,6.25E+05,0.017766,0.0038071,0.18782,0.001269,0.072335,0.0063452,0,0,0,0,0.10406,0.001269,0,0,0.011421,0,0,0
7,3,0,59.8837,6,3.23E+05,204.41,3,2,1560,0.26,2000,3.07E+05,0.023882,0.12858,0.0821,0.018253,0.028144,0.032808,0.02147,0.015278,0.059746,0.0047443,0.026536,0.048086,0.01359,0.0059505,0.00056288,0.0045835,0.00096494,0.0016082
8,3,0,60.2837,70,2.70E+05,22.106,2,2,1200,0.54,1999,2.50E+05,0.022942,0.082321,0.076923,0.022942,0.019568,0.055331,0.0087719,0,0,0.0087719,0.010796,0.014845,0.0087719,0,0.012821,0.018219,0.014845,0
9,3,0,74.199,77,2.50E+05,132.75,3,2,1504,5.35,2005,2.19E+05,0.0057825,0.0073819,0.0029528,0,0.0012303,0.0056594,0.064592,0.041462,0.046875,0.033095,0.051058,0.063484,0.015256,0.020054,0.0219,0.010458,0.010089,0.0047982
1,4,0,60.8191,4,5.46E+05,107.05,5,3,3077,0.27,2020,4.78E+05,0.0018212,0.040067,0.03779,0.0048566,0.0051601,0.0074366,0.021248,0.034907,0.01032,0.0027318,0.013356,0.013507,0.010624,0.0060707,0.0075884,0.0025801,0.001973,0
2,4,1,31.6588,53,8.39E+05,56.576,5,4,3632,1.09,1990,7.88E+05,0.03711,0.17683,0.22266,0.027832,0.046387,0.07928,0.0039359,0.0036548,0,0.0050604,0.024178,0.020523,0.0036548,0.00056227,0.0025302,0.0030925,0.0025302,0.00084341
3,4,0,40.5826,3,9.63E+05,114.03,5,3,3356,0.47,2020,8.74E+05,0.0052804,0.065078,0.054374,0.0028543,0.0047096,0.011132,0.013843,0.017411,0.016412,0.012559,0.059655,0.031254,0.0062794,0.0048523,0.0084202,0.0057086,0.0031397,0.00042814
5,4,0,62.998,76,6.85E+05,73.074,2,2,3259,2,2010,6.50E+05,0.003079,0.013855,0.023532,0.016934,0.016055,0.018914,0.00065978,0.017814,0.0052782,0.062459,0.079393,0.13657,0,0.0041786,0.022872,0.023312,0.0054981,0.0037387
6,4,0,41.3179,19,8.02E+05,12.925,4,3,2381,0.36,1997,5.99E+05,0.03953,0.094017,0.15919,0.013889,0.0021368,0.0032051,0,0,0,0,0.034188,0.066239,0,0,0,0,0,0
7,4,0,76.1252,74,5.41E+05,106.96,4,2,2335,0.8,1925,4.95E+05,0.036311,0.08584,0.070647,0.0059253,0.030386,0.028259,0.01337,0.011091,0.029778,0.018383,0.018383,0.057277,0.019295,0.0079003,0.013066,0.0015193,0.0030386,0.0016712
8,4,1,26.3273,23,4.01E+05,27.703,3,2,936,0.38,1973,4.25E+05,0.025275,0.078571,0.086264,0.025824,0.033516,0.036813,0,0,0.013736,0,0.084066,0.035714,0.024725,0,0.027473,0.013187,0.011538,0.013187
9,4,1,22.7915,24,8.61E+05,207.73,6,5,3250,28.27,2014,8.45E+05,0.0015041,0.029607,0.022324,0.001425,0.0036415,0.0072039,0.041324,0.052565,0.052248,0.026362,0.092384,0.074731,0.022483,0.0097372,0.019791,0.01512,0.017574,0.0114
1,5,1,29.299,59,2.10E+05,22.24,3,2,1128,0.52,1910,2.25E+05,0.020053,0.045455,0.088904,0.096925,0.030749,0.041444,0,0.011364,0,0,0.012701,0.0086898,0.0026738,0,0.0026738,0.006016,0.0040107,0
2,5,1,25.886,34,4.11E+05,36.584,3,3,2262,5.53,1995,3.69E+05,0.010607,0.22147,0.17777,0.023335,0.034366,0.047518,0,0,0,0.0084854,0.0097582,0.035214,0.010607,0,0.00084854,0.00042427,0,0.00042427
3,5,0,60.2927,57,3.58E+06,64.019,5,7,3370,0.5,1990,1.09E+06,0.049189,0.16205,0.22772,0.037453,0.029463,0.025218,0.011486,0.011486,0.0089888,0,0.02372,0.012984,0.0082397,0.00024969,0.0017478,0,0,0
5,5,1,33.9146,29,1.99E+06,51.979,3,4,5500,1.08,2019,2.16E+06,0.013715,0.066443,0.10667,0.031698,0.043584,0.0637,0.00030479,0.0045718,0.0064005,0.02164,0.02865,0.044499,0.0018287,0.00030479,0.022859,0.0076196,0.0079244,0.0064005
6,5,0,63.975,59,2.98E+05,25.81,3,2,1128,0.52,1910,2.25E+05,0.034543,0.046838,0.0058548,0.0099532,0.0046838,0.028689,0.0058548,0.00058548,0,0.00058548,0.01171,0.021663,0,0.0052693,0,0,0,0
7,5,1,28.3244,65,7.02E+05,83.39,3,3,2495,1.78,2015,7.00E+05,0.066757,0.2827,0.13042,0.012384,0.042183,0.056308,0.00387,0.014125,0.0094814,0.00387,0.0069659,0.042957,0.010642,0.01161,0.0079334,0.0025155,0,0
8,5,0,59.9207,13,5.86E+05,19.01,3,4,2922,0.45,2002,5.00E+05,0.021538,0.095385,0.15308,0.033077,0.016923,0.071538,0,0,0,0,0,0,0.012308,0.012308,0.0092308,0.0061538,0,0
9,5,0,58.9062,30,5.21E+05,79.49,4,4,2820,1.84,1962,4.95E+05,0.020479,0.044404,0.026967,0.017234,0.006691,0.019059,0.03528,0.030211,0.017032,0.021087,0.046026,0.025547,0.0097324,0.0064882,0.023925,0.017032,0.016423,0.0036496
1,6,1,33.6903,46,7.45E+06,48.162,8,9,13602,3.59,2003,7.75E+06,0.007536,0.19659,0.27425,0.038663,0.0062254,0.025557,0,0,0,0,0.0032765,0.008519,0.023591,0.00032765,0.0022936,0.0039318,0.00032765,0.00065531
3,6,1,25.494,70,2.26E+05,36.51,2,2,1200,0.54,1999,2.50E+05,0.024224,0.12877,0.17595,0.036549,0.017425,0.053124,0,0,0.0042499,0,0,0.0076498,0.0059499,0,0.00084998,0,0,0
5,6,1,29.2609,30,4.98E+05,75.717,4,4,2820,1.84,1962,4.95E+05,0.0057361,0.038241,0.042702,0.001912,0.0055237,0.058636,0.016359,0.0091353,0.031018,0.020183,0.060548,0.078181,0.0089229,0.0031867,0.010622,0.011685,0.010835,0.0050988
6,6,1,20.8141,66,1.20E+06,11.583,4,3,2497,0.2,2019,8.10E+05,0,0.056075,0.10631,0,0,0,0,0,0,0,0.035047,0.022196,0,0,0,0,0,0
7,6,1,21.2135,79,4.02E+05,36.53,3,2,1682,0.13,2016,3.87E+05,0.019125,0.10625,0.22567,0.0119,0.038249,0.050149,0.022949,0.01275,0,0.0084998,0.017,0.028899,0.022949,0.0093498,0.00042499,0.01615,0.00084998,0
8,6,1,26.5978,47,5.51E+05,30.392,3,2,2509,2.48,1994,5.95E+05,0.030227,0.16222,0.10025,0.03728,0.0035264,0.015113,0,0.0080605,0.0085642,0.029723,0.039295,0.019144,0.010076,0,0.01864,0.01864,0.027204,0
1,7,1,24.2244,30,4.81E+05,19.924,4,4,2820,1.84,1962,4.95E+05,0.016212,0.0479,0.11422,0.030951,0.027266,0.012528,0.022845,0.0036846,0,0.022108,0.044215,0.036846,0.012528,0,0.008843,0,0,0
3,7,0,68.3374,60,8.40E+06,74.123,6,7,10150,1.53,1994,3.60E+06,0.016049,0.094123,0.095424,0.031447,0.017133,0.017567,0.00043375,0.017567,0.030579,0.038386,0.02494,0.019519,0.012579,0.00065062,0.0023856,0.0041206,0.0028193,0.00043375
5,7,1,20.832,63,1.77E+05,43.753,3,2,1412,0.14,2008,1.75E+05,0.057389,0.057747,0.1076,0.02439,0.0068149,0.010043,0.007891,0.0071736,0.0014347,0,0.016499,0.012912,0.014706,0.0046628,0.025825,0.026901,0.011119,0.007891
6,7,0,52.3143,11,1.19E+07,15.467,3,3,1822,1.83,2007,1.13E+06,0.047706,0.14862,0.086239,0.0055046,0.0036697,0.041284,0,0,0,0,0,0.019266,0,0,0,0,0,0
8,7,1,38.7286,27,9.01E+05,24.499,3,3,2809,1.53,1996,9.49E+05,0.015961,0.12646,0.09515,0.034991,0.021486,0.0012277,0,0,0,0,0.028238,0.020872,0.01903,0,0.027624,0.013505,0.0092081,0.0012277
1,8,0,42.3358,57,1.16E+07,33.626,5,7,3370,0.5,1990,1.09E+06,0.010096,0.15787,0.23543,0.045893,0.035796,0.039927,0,0,0,0,0.0032125,0.0022946,0.00045893,0,0.0027536,0.006425,0,0
3,8,0,46.3106,65,7.70E+05,142.84,3,3,2495,1.78,2015,7.00E+05,0.01145,0.031257,0.036638,0.022899,0.0062972,0.014426,0.0012594,0.025761,0.019006,0.0022899,0.027822,0.031257,0.012251,0.0018319,0.00057248,0.00045798,0.0026334,0.0001145
5,8,0,67.3431,15,8.00E+06,42.171,9,11,5625,0.34,2021,7.35E+06,0.032689,0.12296,0.12667,0.028232,0.031947,0.12036,0,0.010401,0.0059435,0.0081724,0.0085438,0.022288,0,0,0.013001,0.0066865,0.0014859,0
6,8,1,33.0613,74,5.85E+05,14.74,4,2,2335,0.8,1925,4.95E+05,0.0038462,0.075962,0.046154,0.098077,0.028846,0.0019231,0,0,0,0,0,0.0096154,0,0,0,0,0,0
8,8,0,48.3941,11,1.50E+06,22.177,3,3,1822,1.83,2007,1.13E+06,0.066443,0.12416,0.032215,0.032215,0.021477,0.078523,0,0.013423,0.012752,0,0.032215,0.016107,0.027517,0,0.0020134,0.0013423,0.0080537,0
1,9,0,59.6666,29,3.66E+06,50.289,3,4,5500,1.08,2019,2.16E+06,0.02327,0.1673,0.18145,0.062579,0.054088,0.025786,0.0066038,0.016667,0.030818,0.010692,0.018553,0.02044,0.0025157,0,0,0.0012579,0.0031447,0
3,9,0,47.7371,6,3.72E+05,176.15,3,2,1560,0.26,2000,3.07E+05,0.0056834,0.041275,0.034846,0.0051244,0.0071741,0.012019,0.020404,0.02851,0.038386,0.013882,0.023945,0.037175,0.0068946,0.0010249,0.0037268,0.0014907,0.0020498,0
5,9,0,57.9839,30,5.25E+05,150.52,4,4,2820,1.84,1962,4.95E+05,0.011742,0.022396,0.03479,0.0080452,0.0079365,0.019787,0.010654,0.017613,0.01696,0.014351,0.051533,0.038813,0.0018482,0.0013046,0.014242,0.015221,0.0073929,0.0060883
6,9,1,28.5855,58,8.17E+05,17.031,4,4,3584,17.41,1974,5.75E+05,0.003387,0.088061,0.099915,0.055885,0.049958,0.0076207,0,0,0,0,0,0.056732,0,0,0,0,0,0
8,9,1,25.3746,20,3.56E+05,140.19,3,4,1604,2,2008,3.40E+05,0.0099206,0.027778,0.026027,0.010387,0.010504,0.014356,0.019374,0.018441,0.037698,0.027194,0.04085,0.05007,0.018441,0.0067694,0.018207,0.010037,0.0063025,0.0044351
1,10,0,64.0175,17,4.75E+05,31.924,4,5,3369,0.66,1933,4.50E+05,0.044273,0.15833,0.19297,0.071704,0.061598,0.038499,0,0,0,0,0,0,0.0096246,0,0,0,0,0
5,10,0,62.9798,47,6.54E+05,25.786,3,2,2509,2.48,1994,5.95E+05,0.01931,0.094207,0.039204,0.0035108,0.036279,0.12932,0.01931,0.0011703,0.023991,0,0.011703,0.023991,0,0,0.0017554,0.0081919,0.0017554,0.0029257
8,10,0,58.8011,11,1.52E+06,22.786,3,3,1822,1.83,2007,1.13E+06,0.032089,0.063523,0.10282,0.027505,0.0032744,0.039948,0,0,0,0,0.027505,0.0098232,0.024231,0,0,0.005239,0.017682,0.005239
1,11,0,60.5926,9,1.08E+07,52.933,7,9,5623,0.27,1895,9.98E+06,0.015274,0.10572,0.1204,0.036238,0.039832,0.051213,0.014076,0.010782,0.025157,0.067385,0.07038,0.045223,0.0044924,0.00029949,0.013178,0.0056903,0.00059898,0
5,11,1,34.9677,63,1.67E+05,31.261,3,2,1412,0.14,2008,1.75E+05,0.027982,0.087383,0.11782,0.049092,0.051055,0.10555,0,0,0,0,0.011782,0.017182,0.0063819,0,0.027491,0.0034364,0.00049092,0
8,11,0,57.3601,38,3.13E+05,188.85,3,2,1743,4.43,1985,2.92E+05,0.016884,0.032724,0.024891,0.0070496,0.0072237,0.036379,0.012185,0.029591,0.038294,0.027328,0.075457,0.068755,0.0083551,0.0052219,0.013838,0.0052219,0.0057441,0.0039164
1,12,1,22.5446,51,4.88E+05,62.888,6,4,3642,2,2006,5.00E+05,0.0030488,0.04065,0.070376,0.017785,0.0088923,0.017022,0.018801,0.031504,0.038364,0.033537,0.033028,0.050305,0.003811,0.0017785,0.0063516,0.0007622,0.0045732,0
5,12,1,34.6254,23,4.17E+05,20.705,3,2,936,0.38,1973,4.25E+05,0.025641,0.048433,0.039886,0.032051,0.039174,0.058405,0.011396,0.026353,0.010684,0.019943,0.073362,0.026353,0.014957,0.00071225,0.0021368,0,0,0.00071225
