industry,title,company,workLife,culture,compensationBenefits,management,jobSecurityAdvancement,wage
Education,Subsitute teacher,1,3.8,3.6,3.2,3.5,3.2,8
Education,Subsitute teacher,2,4.1,3.6,2.8,3.4,3,9
Agriculture,Farm Laborer,2,4,3.9,3.7,3.6,3.5,10
Agriculture,Farm Laborer,1,3,2.9,3.4,2.7,3,12
Healthcare,Optical Administrator,1,3.5,3.6,3.6,3.2,3.2,12
Agriculture,Groundskeeper,2,3.4,3.3,3.5,3.2,3.2,13
Healthcare,Optical Administrator,2,3.5,3.6,3.6,3.2,3.2,14
Real Estate,Leasing agent,1,3.1,3.1,3.3,2.9,2.9,14
Agriculture,Groundskeeper,1,4.1,4,3.8,3.8,3.7,15
Education,Tutor,1,3.9,3.9,3.1,3.6,3.3,15
Retail,Sales Associate,2,3.6,3.6,3.4,3.4,3.1,15
Healthcare,Registered Nurse,1,3.2,3.2,3.4,2.8,3.1,16
Real Estate,Leasing agent,2,3.1,3,2.9,2.8,2.8,16
Retail,Sales Associate,1,3,3.1,2.9,2.7,2.8,16
Business Services,Security services,1,3.2,3.1,2.8,2.9,2.9,17
Construction,Ironworker,1,3.5,3.4,3.2,3.4,3.2,17
Manufacturing,Production Worker,1,3.4,3.4,3.9,3.3,3.2,17
Manufacturing,Production Worker,2,3.9,3.8,4.1,3.6,3.6,17
Retail,Merchandiser,2,3,2.9,2.7,2.8,2.5,17
Healthcare,Medical Assistant,2,3.5,3.4,3.5,3.1,3.2,18
Construction,Flooring Installer,1,3.3,2.8,2.7,2.7,2.6,19
Real Estate,Foreclosure specialist,2,3.8,3.5,3.5,3.3,3.3,19
Retail,Customer Service Representative,1,3.9,3.8,4,3.6,3.8,19
Construction,Crane Operator,2,3.5,3.4,3.8,3.1,3.3,20
Healthcare,Medical Assistant,1,3.9,3.8,4,3.6,3.8,20
Real Estate,Home inspector,1,3.2,2.4,2.2,2.5,2.2,20
Agriculture,Farm Equipment Mechanic,1,3.2,3.2,3,3.2,3.2,21
Business Services,Tech support services,2,3.9,3.7,3.5,3.5,3.3,21
Construction,Glazier,2,3.4,3.2,3.4,3.2,3.1,22
Education,College admissions counselor,2,3.2,3.3,3.3,3.2,3,22
Real Estate,Escrow officer,2,3.4,3.2,3.2,2.9,2.7,22
Retail,Customer Service Representative,2,3.1,3.1,3.1,3,3,22
Agriculture,Irrigation Specialist,1,3.8,4.2,3.8,3.7,3.7,23
Construction,Glazier,1,3.5,3.2,3,3.1,2.9,23
Construction,Plumber,2,3.1,3.1,3,3,2.9,23
Education,College admissions counselor,1,3.2,3.1,3.3,2.9,2.8,23
Retail,Loss Prevention Specialist,1,3.1,3.2,3.2,2.7,3,23
Retail,Store Manager,1,3.5,3.4,2.7,3.2,3,23
Agriculture,Agronomist,2,3.9,3.6,3.8,3.4,3.7,25
Construction,Brick Mason,1,4,3.9,3.7,3.7,3.6,25
Construction,Roofer,1,3.5,3.7,3.6,3.4,3.4,25
Education,ESL teacher,1,3,3.2,3.5,3.1,3.2,25
Education,ESL teacher,2,4.1,3.9,3.8,3.8,3.7,25
Education,Tutor,2,4.4,4,3.4,3.9,3.3,25
Retail,Ecommerce Specialist,1,3.2,2.9,3.5,2.6,2.6,25
Retail,Merchandiser,1,2.6,2.7,3.3,2.5,2.6,25
Agriculture,EHSS Specialist,1,3.9,3.7,3.6,3.5,3.5,26
Business Services,Tech support services,1,3.2,3.1,3.6,2.8,2.9,26
Real Estate,Escrow officer,1,3.8,3.4,3.7,3.2,2.9,26
Real Estate,Title examiner,1,3.7,3.6,3.6,3.4,3.3,26
Retail,Inventory Specialist,1,3.4,3.3,3.1,3.3,3.1,26
Agriculture,Farm Equipment Mechanic,2,3.2,3.3,3.7,3.1,3.4,27
Agriculture,Food Safety Manager,2,3.1,3,3,3,2.9,27
Construction,Brick Mason,2,3.3,3.3,3.1,3.1,2.8,27
Manufacturing,Quality Assurance Inspector,2,3.4,3.2,3.4,3,3,27
Agriculture,Farm Manager,2,3.2,3.3,3.7,3.1,3.4,28
Education,Elementary teacher,2,2.7,3.1,3.5,3,3.1,28
Real Estate,Foreclosure specialist,1,3.4,3.2,3.1,3.1,3,28
Retail,Loss Prevention Specialist,2,3.8,3.7,3.7,3.5,3.4,28
Manufacturing,Production Supervisor,1,2.7,3.1,3.8,3,3.1,29
Real Estate,Home inspector,2,3.6,3.3,3.6,3,3.3,29
Real Estate,Title examiner,2,3,2.8,3.4,2.8,2.8,29
Construction,Ironworker,2,3.7,3.6,3.3,3.6,3.1,30
Construction,Crane Operator,1,3.7,3.7,3.7,3.5,3.4,31
Healthcare,Medical Laboratory Technician,2,4,4,4,3.7,3.9,31
Agriculture,EHSS Specialist,2,3,3.1,3.6,2.9,3,32
Agriculture,Farm Manager,1,3,3.1,3.7,2.9,3.2,32
Agriculture,Irrigation Specialist,2,4.1,4,3.8,3.8,3.6,32
Business Services,Software service,1,3.2,3.1,3.3,2.9,3,32
Education,Librarian,1,3.5,3.2,3.5,3,3.2,32
Healthcare,Registered Nurse,2,3,2.9,3.1,2.7,2.7,33
Education,Guidance counseler,1,3.7,3.5,3.7,3.3,3.2,34
Manufacturing,CNC Machinist,1,4.1,3.9,4.1,3.6,3.7,34
Manufacturing,Operations Manager,1,3.3,3.2,3.9,3.1,3.2,34
Education,Elementary teacher,1,3.8,3.6,3.2,3.5,3,35
Healthcare,Occupational Therapist,1,2.9,2.9,2.7,2.6,2.7,35
Construction,Constructon Inspector,1,3.7,3.6,3.7,3.4,3.2,36
Manufacturing,Production Supervisor,2,3.1,3.2,3.9,3.2,3.3,36
Business Services,Legal services (legal secretary),1,3.7,3.8,3.4,3.6,3.3,37
Manufacturing,Manufacturing Engineer,1,3.1,2.8,2.9,2.6,2.5,37
Construction,Plumber,1,3.2,3.3,3.4,3.1,3.1,38
Healthcare,Physical Therapist,1,3.9,3.8,4,3.6,3.8,38
Business Services,Security services,2,3.8,3.7,3.8,3.6,3.4,39
Manufacturing,Mechanical Engineer,2,3.7,3.6,3.7,3.4,3.2,40
Education,Guidance counseler,2,3.7,3.4,3.5,3.3,3.5,41
Manufacturing,CNC Machinist,2,3.3,3.4,3.6,3.1,3.1,41
Retail,Retail Buyer,1,3.2,3.3,3.3,3,3.1,41
Construction,Constructon Inspector,2,3.5,3.6,3.8,3.4,3.3,42
Healthcare,Medical Laboratory Technician,1,3.4,3,3,2.9,3.1,42
Manufacturing,Mechanical Engineer,1,3.3,2.7,2.7,2.6,2.4,42
Agriculture,Food Safety Manager,1,3.4,3.5,3.8,3.3,3.4,43
Education,Principal,1,3.7,3.5,3.3,3.3,3.3,43
Healthcare,Occupational Therapist,2,4.1,4.2,4,4.2,4.2,43
Real Estate,Realtor,1,4.5,4.3,4.4,4.4,4.3,43
Education,Librarian,2,3.7,3.5,3.5,3.3,3.4,44
Manufacturing,Manufacturing Engineer,2,3.4,3.5,3.9,3.2,3.2,45
Manufacturing,Supply Chain Manager,1,3.2,3.2,3.5,3,3.1,46
Business Services,Legal services (legal secretary),2,3.7,3.7,4,3.4,3.6,47
Construction,Roofer,2,3.9,4,3.7,3.9,3.8,47
Business Services,Software service,2,3.8,3.4,3.7,3.2,2.9,48
Healthcare,Physical Therapist,2,3.7,4.2,4.4,3.9,4.4,48
Retail,Store Manager,2,3.6,3.6,3.1,3.4,3.2,48
Real Estate,Realtor,2,4.2,4.3,3.7,4,3.7,50
Healthcare,Nurse Practitioner,2,3.1,2.9,3.4,2.8,2.6,51
Retail,Ecommerce Specialist,2,3.4,3.3,3.5,3,3,52
Retail,Inventory Specialist,2,4.1,4,4,3.7,3.9,52
Agriculture,Agronomist,1,3.5,3.4,3.3,3.2,3.4,53
Manufacturing,Supply Chain Manager,2,3.4,3.3,3.6,3.2,2.9,53
Manufacturing,Quality Assurance Inspector,1,3.9,3.8,4.1,3.6,3.6,54
Retail,Retail Buyer,2,3.4,3.7,2.6,3.2,3,55
Manufacturing,Operations Manager,2,2.6,2.8,3.9,2.6,2.8,62
Education,Principal,2,4,3.8,3.7,3.6,3.6,69
Healthcare,Nurse Practitioner,1,4,3.7,4.1,3.5,4.1,71
Healthcare,Physician,2,3.1,2.9,3.4,2.8,2.6,85
Healthcare,Physician,1,3.2,2.8,3.3,2.6,2.6,132
Business Services,Event planning services,1,NaN,NaN,NaN,NaN,NaN,NaN
Business Services,Event planning services,2,NaN,NaN,NaN,NaN,NaN,NaN
Business Services,Finance services,1,NaN,NaN,NaN,NaN,NaN,NaN
Business Services,Finance services,2,NaN,NaN,NaN,NaN,NaN,NaN
Business Services,Marketing services,1,NaN,NaN,NaN,NaN,NaN,NaN
Business Services,Marketing services,2,NaN,NaN,NaN,NaN,NaN,NaN
Business Services,Waste management services,1,NaN,NaN,NaN,NaN,NaN,NaN
Business Services,Waste management services,2,NaN,NaN,NaN,NaN,NaN,NaN
Construction,Flooring Installer,2,NaN,NaN,NaN,NaN,NaN,NaN
Real Estate,Mortage broker,1,NaN,NaN,NaN,NaN,NaN,NaN
Real Estate,Mortage broker,2,NaN,NaN,NaN,NaN,NaN,NaN
Real Estate,Real estate developer,1,NaN,NaN,NaN,NaN,NaN,NaN
Real Estate,Real estate developer,2,NaN,NaN,NaN,NaN,NaN,NaN
