5,0,50,3,0,30
7.5,25,75,5,65,40
15,14,85,13.5,65,55
8.5,90,20,2,70,55
20,15,85,16,5,100
19,175,20,7,70,45
16.75,75,65,16,20,50
16,20,15,2.5,10,90
2,19,30,1,3,40
19.5,125,10,18.5,85,10
18.25,55,70,14,60,90
12,1,35,9.25,4,40
19.5,7,5,16.5,155,25
16.75,145,45,12,210,90
17.25,55,25,10,95,50
16,95,65,14,20,45
3.25,205,85,2,110,80
18.75,250,80,15,31,35
17.5,40,25,15,225,75
15.75,30,35,10,135,95
6,55,95,5.5,40,70
20,165,90,19.5,45,65
7.75,120,60,1.75,10,80
19,150,70,10,80,90
9,160,60,8.5,105,50
4,50,45,2.5,25,65
5.25,120,50,1.5,20,95
6,7,25,3.5,3,40
7,55,20,6,45,25
8,90,75,6.5,60,90
8.5,22,50,5,14,70
9.5,170,30,7,120,40
11,190,65,6,45,85
12,85,15,4,70,35
13,30,70,12,25,75
14,40,15,8.25,5,20
14.5,175,5,10,140,10
15.5,215,40,8,125,45
17,15,35,14,5,55
18,110,15,9.5,25,20
19,245,65,17,200,80
20,170,30,11,110,50
