VarName1,VarName2
5,0
7.5,25
15,14
8.5,90
20,15
19,175
16.75,75
16,20
2,19
19.5,125
18.25,55
12,1
19.5,7
16.75,145
17.25,55
16,95
3.25,205
18.75,250
17.5,40
15.75,30
6,55
20,165
7.75,120
19,150
9,160
4,50
5.25,120
6,7
7,55
8,90
8.5,22
9.5,170
11,190
12,85
13,30
14,40
14.5,175
15.5,215
17,15
18,110
19,245
20,170
3,0
5,65
13.5,65
2,70
16,5
7,70
16,20
2.5,10
1,3
18.5,85
14,60
9.25,4
16.5,155
12,210
10,95
14,20
2,110
15,31
15,225
10,135
5.5,40
19.5,45
1.75,10
10,80
8.5,105
2.5,25
1.5,20
3.5,3
6,45
6.5,60
5,14
7,120
6,45
4,70
12,25
8.25,5
10,140
8,125
14,5
9.5,25
17,200
11,110
