VarName1,VarName2,VarName4,VarName5
5,0,3,0
7.5,25,5,65
15,14,13.5,65
8.5,90,2,70
20,15,16,5
19,175,7,70
16.75,75,16,20
16,20,2.5,10
2,19,1,3
19.5,125,18.5,85
18.25,55,14,60
12,1,9.25,4
19.5,7,16.5,155
16.75,145,12,210
17.25,55,10,95
16,95,14,20
3.25,205,2,110
18.75,250,15,31
17.5,40,15,225
15.75,30,10,135
6,55,5.5,40
20,165,19.5,45
7.75,120,1.75,10
19,150,10,80
9,160,8.5,105
4,50,2.5,25
5.25,120,1.5,20
6,7,3.5,3
7,55,6,45
8,90,6.5,60
8.5,22,5,14
9.5,170,7,120
11,190,6,45
12,85,4,70
13,30,12,25
14,40,8.25,5
14.5,175,10,140
15.5,215,8,125
17,15,14,5
18,110,9.5,25
19,245,17,200
20,170,11,110
