10,180,55,13,130,85
4.5,25,75,3,65,40
4.25,65,55,6,14,85
8.5,90,20,2,70,55
20,15,85,18,5,100
19,175,20,7,70,45
14.75,20,50,16.75,75,65
16,20,15,2.75,10,90
1,3,40,2,19,30
19.5,125,10,17.5,85,10
18.25,55,70,14,60,90
9.25,4,40,12,1,35
19.5,7,5,17.75,155,25
16.75,145,45,13.25,210,90
17.25,55,25,12,95,50
16,95,65,10.25,20,45
3.25,205,85,1.5,110,80
18.75,250,80,13.25,31,35
17.5,40,25,16,225,75
15.75,30,35,12.75,135,95
4.75,48,70,6,53,95
20,165,90,18.5,45,65
7.75,120,60,1.75,10,80
10,80,90,19,150,70
7.75,105,50,9,160,60
