10,180,55
4.5,25,75
4.25,65,55
8.5,90,20
20,15,85
19,175,20
14.75,20,50
16,20,15
1,3,40
19.5,125,10
18.25,55,70
9.25,4,40
19.5,7,5
16.75,145,45
17.25,55,25
16,95,65
3.25,205,85
18.75,250,80
17.5,40,25
15.75,30,35
4.75,48,70
20,165,90
7.75,120,60
10,80,90
7.75,105,50
13,130,85
3,65,40
6,14,85
2,70,55
18,5,100
7,70,45
16.75,75,65
2.75,10,90
2,19,30
17.5,85,10
14,60,90
12,1,35
17.75,155,25
13.25,210,90
12,95,50
10.25,20,45
1.5,110,80
13.25,31,35
16,225,75
12.75,135,95
6,53,95
18.5,45,65
1.75,10,80
19,150,70
9,160,60
