13,130,85
4.5,25,75
6,14,85
8.5,90,20
20,15,85
19,175,20
16.75,75,65
16,20,15
2,19,30
19.5,125,10
18.25,55,70
12,1,35
19.5,7,5
16.75,145,45
17.25,55,25
16,95,65
3.25,205,85
18.75,250,80
17.5,40,25
15.75,30,35
6,55,95
20,165,90
7.75,120,60
19,150,70
9,160,60
4,50,45
5.25,120,50
6,7,25
7,55,20
8,90,75
8.5,22,50
9.5,170,30
11,190,65
12,85,15
13,30,70
14,40,15
14.5,175,5
15.5,215,40
17,15,35
18,110,15
19,245,65
20,170,30
10,180,55
3,65,40
4.25,65,55
2,70,55
16,5,100
7,70,45
16,20,50
2.5,10,90
1,3,40
18.5,85,10
14,60,90
9.25,4,40
16.5,155,25
12,210,90
10,95,50
14,20,45
2,110,80
15,31,35
15,225,75
10,135,95
5.5,40,70
19.5,45,65
1.75,10,80
10,80,90
8.5,105,50
2.5,25,65
1.5,20,95
3.5,3,40
6,45,25
6.5,60,90
5,14,70
7,120,40
6,45,85
4,70,35
12,25,75
8.25,5,20
10,140,10
8,125,45
14,5,55
9.5,25,20
17,200,80
11,110,50
